Workbook
Name HalaqaList: الإعدادات!$C$12:$C$15
Name MaqraaList: الإعدادات!$C$8:$C$9

Sheet الإعدادات
A1: الإعدادات
A2: عدّل الخلايا الصفراء فقط
B3: اسم البرنامج | C3: تعاهد
B4: تاريخ أول جلسة (اختياري)
B5: عدد الأسابيع | C5: 16
B7: المقرأة | C7: الاسم
B8: المقرأة 1 | C8: المقرأة الأولى
B9: المقرأة 2 | C9: المقرأة الثانية
B11: الحلقة | C11: الاسم
B12: الحلقة 1 | C12: ابي بن مالك
B13: الحلقة 2 | C13: ابن رجب
B14: الحلقة 3 | C14: حسان بن ثابت
B15: الحلقة 4 | C15: عبدالرحمن بن النعمان

Sheet طريقة الاستخدام
A1: برنامج تعاهد — ملف المتابعة الأسبوعية
A2: مقرأتان × ٢٠ طالبًا · ٤ حلقات · ١٦ أسبوعًا
B4: ١. الإعدادات | C4: اكتب اسم البرنامج وأسماء المقرأتين والحلقات الأربع، وتاريخ أول جلسة (اختياري) ليظهر تاريخ كل أسبوع.
B5: ٢. الطلاب | C5: اكتب أسماء الطلاب الأربعين، واختر لكل طالب مقرأته وحلقته من القائمة المنسدلة. التوزيع المبدئي: أول ٢٠ طالبًا في المقرأة الأولى والبقية في الثانية، و٥ طلاب من كل حلقة في كل مقرأة.
B6: ٣. الإدخال (أسبوعيًا) | C6: صفوف كل أسبوع متتالية (٤٠ صفًا). استخدم سهم التصفية على عمود «الأسبوع» لعرض أسبوع واحد. عبّئ الخلايا الصفراء فقط: التحضير (حاضر / متأخر / غائب / معتذر)، تقييم الإنجاز من ١٠٠، أوجه الحفظ، أوجه العرض، الأوجه المقروءة.
B7: ٤. التقارير | C7: تُحدَّث تلقائيًا: تقرير كل مقرأة (إنجاز كل طالب في كل أسبوع)، تقرير الحلقات، أفضل ٥ طلاب (اختر الأسبوع في الخلية الصفراء)، وتقرير البرنامج الكامل.
B9: طريقة الحساب
B10: حاضر / متأخر | C10: يُحتسبان حضورًا، ويدخل تقييمهما وأوجههما في التقارير. يظهر عدد المتأخرين منفصلًا.
B11: غائب | C11: تُحتسب نسبة إنجازه صفرًا وتدخل في متوسط المقرأة والحلقة والبرنامج.
B12: معتذر | C12: إذا كُتب له تقييم: تُحتسب نسبة إنجازه حسب تقييمه وتدخل في الإجمالي. وإذا لم يُكتب له تقييم: تُحتسب صفرًا. لا يُعدّ حاضرًا في نسبة الحضور، ويظهر عدد المعتذرين منفصلًا عن الغائبين.
B13: نسبة الإنجاز | C13: مجموع تقييمات الحاضرين والمتأخرين والمعتذرين + صفر لكل غائب ولكل معتذر بلا تقييم، مقسومًا على عددهم، ثم ÷ ١٠٠. الحاضر الذي لم يُكتب له تقييم لا يدخل في المتوسط.
B14: نسبة الحضور | C14: (الحاضرون + المتأخرون) ÷ كل من سُجّل تحضيره في الأسبوع (حاضر، متأخر، غائب، معتذر). الطالب الذي تُرك تحضيره فارغًا لا يُحتسب.
B15: الأوجه | C15: تُجمع أوجه الحفظ والعرض والقراءة للحاضرين والمتأخرين. تقبل أنصاف الأوجه (مثل 1.5).
B16: التقدير | C16: ممتاز ٩٠٪ فأكثر · جيد جدًا ٨٠٪ · جيد ٧٠٪ · مقبول ٦٠٪ · يحتاج متابعة أقل من ٦٠٪.
B17: أفضل ٥ | C17: من الحاضرين والمتأخرين، الترتيب بتقييم الإنجاز، وعند التساوي بأوجه الحفظ ثم أوجه العرض.
B18: في تقرير المقرأة | C18: «غ» غائب (يُحسب صفرًا) · «ع» معتذر بلا تقييم (يُحسب صفرًا) · المعتذر الذي له تقييم تظهر نسبته · الخانة الفارغة = لم يُدخل تقييم.
B20: مفتاح الألوان
B21: خلية صفراء | C21: خلية إدخال: اكتب فيها
B22: خلية رمادية / بيضاء | C22: تُحسب تلقائيًا بالمعادلات: لا تكتب فيها
B24: مثال لصف إدخال (للتوضيح فقط، لا يدخل في الحساب)
B25: الأسبوع | C25: المقرأة | D25: الحلقة | E25: رقم الطالب | F25: اسم الطالب | G25: التحضير | H25: تقييم الإنجاز /100 | I25: أوجه الحفظ | J25: أوجه العرض | K25: الأوجه المقروءة
B26: 3 | C26: المقرأة الأولى | D26: الحلقة الأولى | E26: 7 | F26: عبدالله محمد | G26: متأخر | H26: 92 | I26: 2 | J26: 4 | K26: 10

Sheet الطلاب
A1: الطلاب وتوزيعهم
A4: رقم الطالب | B4: اسم الطالب | C4: المقرأة | D4: الحلقة | E4: مفتاح (تلقائي) | G4: الحلقة | H4: =الإعدادات!$C$8 -> المقرأة الأولى | I4: =الإعدادات!$C$9 -> المقرأة الثانية | J4: المجموع
A5: 1 | B5: غسان اليحيى | C5: =الإعدادات!$C$8 -> المقرأة الأولى | D5: عبدالرحمن بن النعمان | E5: =IF(C5="","",C5&"|"&COUNTIF(C$5:C5,C5)) -> المقرأة الأولى|1 | G5: =الإعدادات!$C$12 -> ابي بن مالك | H5: =COUNTIFS($D$5:$D$44,$G5,$C$5:$C$44,الإعدادات!$C$8) -> 0 | I5: =COUNTIFS($D$5:$D$44,$G5,$C$5:$C$44,الإعدادات!$C$9) -> 9 | J5: =H5+I5 -> 9
A6: 2 | B6: صالح الشريف | C6: =الإعدادات!$C$8 -> المقرأة الأولى | D6: عبدالرحمن بن النعمان | E6: =IF(C6="","",C6&"|"&COUNTIF(C$5:C6,C6)) -> المقرأة الأولى|2 | G6: =الإعدادات!$C$13 -> ابن رجب | H6: =COUNTIFS($D$5:$D$44,$G6,$C$5:$C$44,الإعدادات!$C$8) -> 4 | I6: =COUNTIFS($D$5:$D$44,$G6,$C$5:$C$44,الإعدادات!$C$9) -> 7 | J6: =H6+I6 -> 11
A7: 3 | B7: فهد المشيقح | C7: المقرأة الأولى | D7: عبدالرحمن بن النعمان | E7: =IF(C7="","",C7&"|"&COUNTIF(C$5:C7,C7)) -> المقرأة الأولى|3 | G7: =الإعدادات!$C$14 -> حسان بن ثابت | H7: =COUNTIFS($D$5:$D$44,$G7,$C$5:$C$44,الإعدادات!$C$8) -> 11 | I7: =COUNTIFS($D$5:$D$44,$G7,$C$5:$C$44,الإعدادات!$C$9) -> 0 | J7: =H7+I7 -> 11
A8: 4 | B8: عبدالله الحفير | C8: المقرأة الأولى | D8: عبدالرحمن بن النعمان | E8: =IF(C8="","",C8&"|"&COUNTIF(C$5:C8,C8)) -> المقرأة الأولى|4 | G8: =الإعدادات!$C$15 -> عبدالرحمن بن النعمان | H8: =COUNTIFS($D$5:$D$44,$G8,$C$5:$C$44,الإعدادات!$C$8) -> 6 | I8: =COUNTIFS($D$5:$D$44,$G8,$C$5:$C$44,الإعدادات!$C$9) -> 0 | J8: =H8+I8 -> 6
A9: 5 | B9: زياد الدخيل الله | C9: المقرأة الأولى | D9: عبدالرحمن بن النعمان | E9: =IF(C9="","",C9&"|"&COUNTIF(C$5:C9,C9)) -> المقرأة الأولى|5 | G9: المجموع | H9: =SUM(H5:H8) -> 21 | I9: =SUM(I5:I8) -> 16 | J9: =SUM(J5:J8) -> 37
A10: 6 | B10: عاصم الضبيعي | C10: =الإعدادات!$C$8 -> المقرأة الأولى | D10: =الإعدادات!$C$13 -> ابن رجب | E10: =IF(C10="","",C10&"|"&COUNTIF(C$5:C10,C10)) -> المقرأة الأولى|6
A11: 7 | B11: محمد السعوي | C11: =الإعدادات!$C$8 -> المقرأة الأولى | D11: =الإعدادات!$C$13 -> ابن رجب | E11: =IF(C11="","",C11&"|"&COUNTIF(C$5:C11,C11)) -> المقرأة الأولى|7
A12: 8 | B12: هشام المخلف | C12: =الإعدادات!$C$8 -> المقرأة الأولى | D12: =الإعدادات!$C$13 -> ابن رجب | E12: =IF(C12="","",C12&"|"&COUNTIF(C$5:C12,C12)) -> المقرأة الأولى|8
A13: 9 | B13: اسامة السعدون | C13: =الإعدادات!$C$8 -> المقرأة الأولى | D13: =الإعدادات!$C$13 -> ابن رجب | E13: =IF(C13="","",C13&"|"&COUNTIF(C$5:C13,C13)) -> المقرأة الأولى|9
A14: 10 | B14: محمد الثنيان | C14: =الإعدادات!$C$8 -> المقرأة الأولى | D14: حسان بن ثابت | E14: =IF(C14="","",C14&"|"&COUNTIF(C$5:C14,C14)) -> المقرأة الأولى|10
A15: 11 | B15: كنان الجريفاني | C15: =الإعدادات!$C$8 -> المقرأة الأولى | D15: =الإعدادات!$C$14 -> حسان بن ثابت | E15: =IF(C15="","",C15&"|"&COUNTIF(C$5:C15,C15)) -> المقرأة الأولى|11
A16: 12 | B16: عبدالمجيد الربعي | C16: =الإعدادات!$C$8 -> المقرأة الأولى | D16: =الإعدادات!$C$14 -> حسان بن ثابت | E16: =IF(C16="","",C16&"|"&COUNTIF(C$5:C16,C16)) -> المقرأة الأولى|12
A17: 13 | B17: عبدالله التويجري | C17: =الإعدادات!$C$8 -> المقرأة الأولى | D17: =الإعدادات!$C$14 -> حسان بن ثابت | E17: =IF(C17="","",C17&"|"&COUNTIF(C$5:C17,C17)) -> المقرأة الأولى|13
A18: 14 | B18: حسام التويجري | C18: =الإعدادات!$C$8 -> المقرأة الأولى | D18: =الإعدادات!$C$14 -> حسان بن ثابت | E18: =IF(C18="","",C18&"|"&COUNTIF(C$5:C18,C18)) -> المقرأة الأولى|14
A19: 15 | B19: عبدالرحمن البريدي | C19: =الإعدادات!$C$8 -> المقرأة الأولى | D19: =الإعدادات!$C$14 -> حسان بن ثابت | E19: =IF(C19="","",C19&"|"&COUNTIF(C$5:C19,C19)) -> المقرأة الأولى|15
A20: 16 | B20: عبدالرحمن بازرعة | C20: =الإعدادات!$C$8 -> المقرأة الأولى | D20: حسان بن ثابت | E20: =IF(C20="","",C20&"|"&COUNTIF(C$5:C20,C20)) -> المقرأة الأولى|16
A21: 17 | B21: عبدالله الضحيان | C21: =الإعدادات!$C$8 -> المقرأة الأولى | D21: حسان بن ثابت | E21: =IF(C21="","",C21&"|"&COUNTIF(C$5:C21,C21)) -> المقرأة الأولى|17
A22: 18 | B22: فيصل الدخيل | C22: =الإعدادات!$C$8 -> المقرأة الأولى | D22: حسان بن ثابت | E22: =IF(C22="","",C22&"|"&COUNTIF(C$5:C22,C22)) -> المقرأة الأولى|18
A23: 19 | B23: سليمان المحيميد | C23: =الإعدادات!$C$8 -> المقرأة الأولى | D23: حسان بن ثابت | E23: =IF(C23="","",C23&"|"&COUNTIF(C$5:C23,C23)) -> المقرأة الأولى|19
A24: 20 | B24: اصيل التويجري | C24: المقرأة الثانية | D24: ابن رجب | E24: =IF(C24="","",C24&"|"&COUNTIF(C$5:C24,C24)) -> المقرأة الثانية|1
A25: 21 | B25: جواد الرفيعي | C25: =الإعدادات!$C$9 -> المقرأة الثانية | D25: ابن رجب | E25: =IF(C25="","",C25&"|"&COUNTIF(C$5:C25,C25)) -> المقرأة الثانية|2
A26: 22 | B26: سفيان السبيعي | C26: =الإعدادات!$C$9 -> المقرأة الثانية | D26: ابن رجب | E26: =IF(C27="","",C27&"|"&COUNTIF(C$5:C27,C27)) -> المقرأة الثانية|4
A27: 23 | B27: عمار الفضل | C27: =الإعدادات!$C$9 -> المقرأة الثانية | D27: ابن رجب | E27: =IF(C27="","",C27&"|"&COUNTIF(C$5:C27,C27)) -> المقرأة الثانية|4
A28: 24 | B28: مروان المهوس | C28: =الإعدادات!$C$9 -> المقرأة الثانية | D28: ابن رجب | E28: =IF(C28="","",C28&"|"&COUNTIF(C$5:C28,C28)) -> المقرأة الثانية|5
A29: 25 | B29: جهاد الجدعان | C29: =الإعدادات!$C$9 -> المقرأة الثانية | D29: =الإعدادات!$C$13 -> ابن رجب | E29: =IF(C29="","",C29&"|"&COUNTIF(C$5:C29,C29)) -> المقرأة الثانية|6
A30: 26 | B30: صلاح مسعد | C30: =الإعدادات!$C$9 -> المقرأة الثانية | D30: =الإعدادات!$C$13 -> ابن رجب | E30: =IF(C30="","",C30&"|"&COUNTIF(C$5:C30,C30)) -> المقرأة الثانية|7
A31: 27 | B31: سالم بانوير | C31: =الإعدادات!$C$9 -> المقرأة الثانية | D31: ابي بن مالك | E31: =IF(C31="","",C31&"|"&COUNTIF(C$5:C31,C31)) -> المقرأة الثانية|8
A32: 28 | B32: عبدالعزيز الصقعبي | C32: =الإعدادات!$C$9 -> المقرأة الثانية | D32: ابي بن مالك | E32: =IF(C32="","",C32&"|"&COUNTIF(C$5:C32,C32)) -> المقرأة الثانية|9
A33: 29 | B33: عبدالله المجيدل | C33: =الإعدادات!$C$9 -> المقرأة الثانية | D33: ابي بن مالك | E33: =IF(C33="","",C33&"|"&COUNTIF(C$5:C33,C33)) -> المقرأة الثانية|10
A34: 30 | B34: فواز الشدوخي | C34: =الإعدادات!$C$9 -> المقرأة الثانية | D34: ابي بن مالك | E34: =IF(C34="","",C34&"|"&COUNTIF(C$5:C34,C34)) -> المقرأة الثانية|11
A35: 31 | B35: محمد الطامي | C35: =الإعدادات!$C$9 -> المقرأة الثانية | D35: ابي بن مالك | E35: =IF(C35="","",C35&"|"&COUNTIF(C$5:C35,C35)) -> المقرأة الثانية|12
A36: 32 | B36: مهند الغماس | C36: =الإعدادات!$C$9 -> المقرأة الثانية | D36: ابي بن مالك | E36: =IF(C36="","",C36&"|"&COUNTIF(C$5:C36,C36)) -> المقرأة الثانية|13
A37: 33 | B37: يوسف الحربي | C37: =الإعدادات!$C$9 -> المقرأة الثانية | D37: ابي بن مالك | E37: =IF(C37="","",C37&"|"&COUNTIF(C$5:C37,C37)) -> المقرأة الثانية|14
A38: 34 | B38: عدي الفريح | C38: =الإعدادات!$C$9 -> المقرأة الثانية | D38: ابي بن مالك | E38: =IF(C38="","",C38&"|"&COUNTIF(C$5:C38,C38)) -> المقرأة الثانية|15
A39: 35 | B39: عبدالله الفايزي | C39: المقرأة الثانية | D39: ابي بن مالك | E39: =IF(C39="","",C39&"|"&COUNTIF(C$5:C39,C39)) -> المقرأة الثانية|16
A40: 36 | B40: عزام الحسن | E40: =IF(C40="","",C40&"|"&COUNTIF(C$5:C40,C40))
A41: 37 | B41: أسامة السعوي | C41: المقرأة الأولى | D41: عبدالرحمن بن النعمان | E41: =IF(C41="","",C41&"|"&COUNTIF(C$5:C41,C41)) -> المقرأة الأولى|20
A42: 38 | B42: عاصم الضالع | C42: المقرأة الأولى | D42: حسان بن ثابت | E42: =IF(C42="","",C42&"|"&COUNTIF(C$5:C42,C42)) -> المقرأة الأولى|21
A43: 39 | E43: =IF(C43="","",C43&"|"&COUNTIF(C$5:C43,C43))
A44: 40 | E44: =IF(C44="","",C44&"|"&COUNTIF(C$5:C44,C44))

Sheet الإدخال
A1: الإدخال الأسبوعي
A4: الأسبوع | B4: المقرأة | C4: الحلقة | D4: رقم الطالب | E4: اسم الطالب | F4: التحضير | G4: تقييم الإنجاز (من 100) | H4: أوجه الحفظ | I4: أوجه العرض | J4: الأوجه المقروءة | L4: ترتيب م1 | M4: ترتيب م2 | N4: حضر | O4: إنجاز محتسب | P4: يُحتسب
A5: 1 | B5: =IFERROR(INDEX(الطلاب!$C$5:$C$44,MATCH($D5,الطلاب!$A$5:$A$44,0)),"") -> المقرأة الأولى | C5: =IFERROR(INDEX(الطلاب!$D$5:$D$44,MATCH($D5,الطلاب!$A$5:$A$44,0)),"") -> عبدالرحمن بن النعمان | D5: 1 | E5: =IFERROR(INDEX(الطلاب!$B$5:$B$44,MATCH($D5,الطلاب!$A$5:$A$44,0)),"") -> غسان اليحيى | F5: حاضر | G5: 85 | H5: 1 | I5: 0 | L5: =IF(AND($A5='أفضل 5 طلاب'!$C$3,$B5=الإعدادات!$C$8,$N5=1,ISNUMBER($G5)),$G5*100000+N($H5)*100+N($I5)+(1000-ROW())/10000,0) -> 0 | M5: =IF(AND($A5='أفضل 5 طلاب'!$C$3,$B5=الإعدادات!$C$9,$N5=1,ISNUMBER($G5)),$G5*100000+N($H5)*100+N($I5)+(1000-ROW())/10000,0) -> 0 | N5: =IF(OR($F5="حاضر",$F5="متأخر"),1,0) -> 1 | O5: =IF(OR($N5=1,$F5="معتذر",$F5="غائب"),IF(ISNUMBER($G5),$G5,IF($N5=1,"",0)),"") -> 85 | P5: =IF(ISNUMBER($O5),1,0) -> 1
A6: 1 | B6: =IFERROR(INDEX(الطلاب!$C$5:$C$44,MATCH($D6,الطلاب!$A$5:$A$44,0)),"") -> المقرأة الأولى | C6: =IFERROR(INDEX(الطلاب!$D$5:$D$44,MATCH($D6,الطلاب!$A$5:$A$44,0)),"") -> عبدالرحمن بن النعمان | D6: 2 | E6: =IFERROR(INDEX(الطلاب!$B$5:$B$44,MATCH($D6,الطلاب!$A$5:$A$44,0)),"") -> صالح الشريف | F6: حاضر | G6: 50 | H6: 0 | I6: 0 | L6: =IF(AND($A6='أفضل 5 طلاب'!$C$3,$B6=الإعدادات!$C$8,$N6=1,ISNUMBER($G6)),$G6*100000+N($H6)*100+N($I6)+(1000-ROW())/10000,0) -> 0 | M6: =IF(AND($A6='أفضل 5 طلاب'!$C$3,$B6=الإعدادات!$C$9,$N6=1,ISNUMBER($G6)),$G6*100000+N($H6)*100+N($I6)+(1000-ROW())/10000,0) -> 0 | N6: =IF(OR($F6="حاضر",$F6="متأخر"),1,0) -> 1 | O6: =IF(OR($N6=1,$F6="معتذر",$F6="غائب"),IF(ISNUMBER($G6),$G6,IF($N6=1,"",0)),"") -> 50 | P6: =IF(ISNUMBER($O6),1,0) -> 1
A7: 1 | B7: =IFERROR(INDEX(الطلاب!$C$5:$C$44,MATCH($D7,الطلاب!$A$5:$A$44,0)),"") -> المقرأة الأولى | C7: =IFERROR(INDEX(الطلاب!$D$5:$D$44,MATCH($D7,الطلاب!$A$5:$A$44,0)),"") -> عبدالرحمن بن النعمان | D7: 3 | E7: =IFERROR(INDEX(الطلاب!$B$5:$B$44,MATCH($D7,الطلاب!$A$5:$A$44,0)),"") -> فهد المشيقح | F7: حاضر | G7: 95 | H7: 1 | I7: 22 | L7: =IF(AND($A7='أفضل 5 طلاب'!$C$3,$B7=الإعدادات!$C$8,$N7=1,ISNUMBER($G7)),$G7*100000+N($H7)*100+N($I7)+(1000-ROW())/10000,0) -> 0 | M7: =IF(AND($A7='أفضل 5 طلاب'!$C$3,$B7=الإعدادات!$C$9,$N7=1,ISNUMBER($G7)),$G7*100000+N($H7)*100+N($I7)+(1000-ROW())/10000,0) -> 0 | N7: =IF(OR($F7="حاضر",$F7="متأخر"),1,0) -> 1 | O7: =IF(OR($N7=1,$F7="معتذر",$F7="غائب"),IF(ISNUMBER($G7),$G7,IF($N7=1,"",0)),"") -> 95 | P7: =IF(ISNUMBER($O7),1,0) -> 1
A8: 1 | B8: =IFERROR(INDEX(الطلاب!$C$5:$C$44,MATCH($D8,الطلاب!$A$5:$A$44,0)),"") -> المقرأة الأولى | C8: =IFERROR(INDEX(الطلاب!$D$5:$D$44,MATCH($D8,الطلاب!$A$5:$A$44,0)),"") -> عبدالرحمن بن النعمان | D8: 4 | E8: =IFERROR(INDEX(الطلاب!$B$5:$B$44,MATCH($D8,الطلاب!$A$5:$A$44,0)),"") -> عبدالله الحفير | F8: حاضر | G8: 50 | H8: 0 | I8: 0 | L8: =IF(AND($A8='أفضل 5 طلاب'!$C$3,$B8=الإعدادات!$C$8,$N8=1,ISNUMBER($G8)),$G8*100000+N($H8)*100+N($I8)+(1000-ROW())/10000,0) -> 0 | M8: =IF(AND($A8='أفضل 5 طلاب'!$C$3,$B8=الإعدادات!$C$9,$N8=1,ISNUMBER($G8)),$G8*100000+N($H8)*100+N($I8)+(1000-ROW())/10000,0) -> 0 | N8: =IF(OR($F8="حاضر",$F8="متأخر"),1,0) -> 1 | O8: =IF(OR($N8=1,$F8="معتذر",$F8="غائب"),IF(ISNUMBER($G8),$G8,IF($N8=1,"",0)),"") -> 50 | P8: =IF(ISNUMBER($O8),1,0) -> 1
A9: 1 | B9: =IFERROR(INDEX(الطلاب!$C$5:$C$44,MATCH($D9,الطلاب!$A$5:$A$44,0)),"") -> المقرأة الأولى | C9: =IFERROR(INDEX(الطلاب!$D$5:$D$44,MATCH($D9,الطلاب!$A$5:$A$44,0)),"") -> عبدالرحمن بن النعمان | D9: 5 | E9: =IFERROR(INDEX(الطلاب!$B$5:$B$44,MATCH($D9,الطلاب!$A$5:$A$44,0)),"") -> زياد الدخيل الله | F9: حاضر | G9: 50 | H9: 0 | I9: 0 | L9: =IF(AND($A9='أفضل 5 طلاب'!$C$3,$B9=الإعدادات!$C$8,$N9=1,ISNUMBER($G9)),$G9*100000+N($H9)*100+N($I9)+(1000-ROW())/10000,0) -> 0 | M9: =IF(AND($A9='أفضل 5 طلاب'!$C$3,$B9=الإعدادات!$C$9,$N9=1,ISNUMBER($G9)),$G9*100000+N($H9)*100+N($I9)+(1000-ROW())/10000,0) -> 0 | N9: =IF(OR($F9="حاضر",$F9="متأخر"),1,0) -> 1 | O9: =IF(OR($N9=1,$F9="معتذر",$F9="غائب"),IF(ISNUMBER($G9),$G9,IF($N9=1,"",0)),"") -> 50 | P9: =IF(ISNUMBER($O9),1,0) -> 1
A10: 1 | B10: =IFERROR(INDEX(الطلاب!$C$5:$C$44,MATCH($D10,الطلاب!$A$5:$A$44,0)),"") -> المقرأة الأولى | C10: =IFERROR(INDEX(الطلاب!$D$5:$D$44,MATCH($D10,الطلاب!$A$5:$A$44,0)),"") -> ابن رجب | D10: 6 | E10: =IFERROR(INDEX(الطلاب!$B$5:$B$44,MATCH($D10,الطلاب!$A$5:$A$44,0)),"") -> عاصم الضبيعي | F10: حاضر | G10: 96 | H10: 0 | I10: 40 | L10: =IF(AND($A10='أفضل 5 طلاب'!$C$3,$B10=الإعدادات!$C$8,$N10=1,ISNUMBER($G10)),$G10*100000+N($H10)*100+N($I10)+(1000-ROW())/10000,0) -> 0 | M10: =IF(AND($A10='أفضل 5 طلاب'!$C$3,$B10=الإعدادات!$C$9,$N10=1,ISNUMBER($G10)),$G10*100000+N($H10)*100+N($I10)+(1000-ROW())/10000,0) -> 0 | N10: =IF(OR($F10="حاضر",$F10="متأخر"),1,0) -> 1 | O10: =IF(OR($N10=1,$F10="معتذر",$F10="غائب"),IF(ISNUMBER($G10),$G10,IF($N10=1,"",0)),"") -> 96 | P10: =IF(ISNUMBER($O10),1,0) -> 1
A11: 1 | B11: =IFERROR(INDEX(الطلاب!$C$5:$C$44,MATCH($D11,الطلاب!$A$5:$A$44,0)),"") -> المقرأة الأولى | C11: =IFERROR(INDEX(الطلاب!$D$5:$D$44,MATCH($D11,الطلاب!$A$5:$A$44,0)),"") -> ابن رجب | D11: 7 | E11: =IFERROR(INDEX(الطلاب!$B$5:$B$44,MATCH($D11,الطلاب!$A$5:$A$44,0)),"") -> محمد السعوي | F11: حاضر | G11: 97 | H11: 1 | I11: 40 | L11: =IF(AND($A11='أفضل 5 طلاب'!$C$3,$B11=الإعدادات!$C$8,$N11=1,ISNUMBER($G11)),$G11*100000+N($H11)*100+N($I11)+(1000-ROW())/10000,0) -> 0 | M11: =IF(AND($A11='أفضل 5 طلاب'!$C$3,$B11=الإعدادات!$C$9,$N11=1,ISNUMBER($G11)),$G11*100000+N($H11)*100+N($I11)+(1000-ROW())/10000,0) -> 0 | N11: =IF(OR($F11="حاضر",$F11="متأخر"),1,0) -> 1 | O11: =IF(OR($N11=1,$F11="معتذر",$F11="غائب"),IF(ISNUMBER($G11),$G11,IF($N11=1,"",0)),"") -> 97 | P11: =IF(ISNUMBER($O11),1,0) -> 1
A12: 1 | B12: =IFERROR(INDEX(الطلاب!$C$5:$C$44,MATCH($D12,الطلاب!$A$5:$A$44,0)),"") -> المقرأة الأولى | C12: =IFERROR(INDEX(الطلاب!$D$5:$D$44,MATCH($D12,الطلاب!$A$5:$A$44,0)),"") -> ابن رجب | D12: 8 | E12: =IFERROR(INDEX(الطلاب!$B$5:$B$44,MATCH($D12,الطلاب!$A$5:$A$44,0)),"") -> هشام المخلف | F12: حاضر | G12: 93 | H12: 1 | I12: 15 | L12: =IF(AND($A12='أفضل 5 طلاب'!$C$3,$B12=الإعدادات!$C$8,$N12=1,ISNUMBER($G12)),$G12*100000+N($H12)*100+N($I12)+(1000-ROW())/10000,0) -> 0 | M12: =IF(AND($A12='أفضل 5 طلاب'!$C$3,$B12=الإعدادات!$C$9,$N12=1,ISNUMBER($G12)),$G12*100000+N($H12)*100+N($I12)+(1000-ROW())/10000,0) -> 0 | N12: =IF(OR($F12="حاضر",$F12="متأخر"),1,0) -> 1 | O12: =IF(OR($N12=1,$F12="معتذر",$F12="غائب"),IF(ISNUMBER($G12),$G12,IF($N12=1,"",0)),"") -> 93 | P12: =IF(ISNUMBER($O12),1,0) -> 1
A13: 1 | B13: =IFERROR(INDEX(الطلاب!$C$5:$C$44,MATCH($D13,الطلاب!$A$5:$A$44,0)),"") -> المقرأة الأولى | C13: =IFERROR(INDEX(الطلاب!$D$5:$D$44,MATCH($D13,الطلاب!$A$5:$A$44,0)),"") -> ابن رجب | D13: 9 | E13: =IFERROR(INDEX(الطلاب!$B$5:$B$44,MATCH($D13,الطلاب!$A$5:$A$44,0)),"") -> اسامة السعدون | F13: معتذر | G13: 0 | H13: 0 | I13: 0 | L13: =IF(AND($A13='أفضل 5 طلاب'!$C$3,$B13=الإعدادات!$C$8,$N13=1,ISNUMBER($G13)),$G13*100000+N($H13)*100+N($I13)+(1000-ROW())/10000,0) -> 0 | M13: =IF(AND($A13='أفضل 5 طلاب'!$C$3,$B13=الإعدادات!$C$9,$N13=1,ISNUMBER($G13)),$G13*100000+N($H13)*100+N($I13)+(1000-ROW())/10000,0) -> 0 | N13: =IF(OR($F13="حاضر",$F13="متأخر"),1,0) -> 0 | O13: =IF(OR($N13=1,$F13="معتذر",$F13="غائب"),IF(ISNUMBER($G13),$G13,IF($N13=1,"",0)),"") -> 0 | P13: =IF(ISNUMBER($O13),1,0) -> 1
A14: 1 | B14: =IFERROR(INDEX(الطلاب!$C$5:$C$44,MATCH($D14,الطلاب!$A$5:$A$44,0)),"") -> المقرأة الأولى | C14: =IFERROR(INDEX(الطلاب!$D$5:$D$44,MATCH($D14,الطلاب!$A$5:$A$44,0)),"") -> حسان بن ثابت | D14: 10 | E14: =IFERROR(INDEX(الطلاب!$B$5:$B$44,MATCH($D14,الطلاب!$A$5:$A$44,0)),"") -> محمد الثنيان | F14: حاضر | G14: 94 | H14: 5 | I14: 30 | L14: =IF(AND($A14='أفضل 5 طلاب'!$C$3,$B14=الإعدادات!$C$8,$N14=1,ISNUMBER($G14)),$G14*100000+N($H14)*100+N($I14)+(1000-ROW())/10000,0) -> 0 | M14: =IF(AND($A14='أفضل 5 طلاب'!$C$3,$B14=الإعدادات!$C$9,$N14=1,ISNUMBER($G14)),$G14*100000+N($H14)*100+N($I14)+(1000-ROW())/10000,0) -> 0 | N14: =IF(OR($F14="حاضر",$F14="متأخر"),1,0) -> 1 | O14: =IF(OR($N14=1,$F14="معتذر",$F14="غائب"),IF(ISNUMBER($G14),$G14,IF($N14=1,"",0)),"") -> 94 | P14: =IF(ISNUMBER($O14),1,0) -> 1
A15: 1 | B15: =IFERROR(INDEX(الطلاب!$C$5:$C$44,MATCH($D15,الطلاب!$A$5:$A$44,0)),"") -> المقرأة الأولى | C15: =IFERROR(INDEX(الطلاب!$D$5:$D$44,MATCH($D15,الطلاب!$A$5:$A$44,0)),"") -> حسان بن ثابت | D15: 11 | E15: =IFERROR(INDEX(الطلاب!$B$5:$B$44,MATCH($D15,الطلاب!$A$5:$A$44,0)),"") -> كنان الجريفاني | F15: حاضر | G15: 85 | H15: 0 | I15: 40 | L15: =IF(AND($A15='أفضل 5 طلاب'!$C$3,$B15=الإعدادات!$C$8,$N15=1,ISNUMBER($G15)),$G15*100000+N($H15)*100+N($I15)+(1000-ROW())/10000,0) -> 0 | M15: =IF(AND($A15='أفضل 5 طلاب'!$C$3,$B15=الإعدادات!$C$9,$N15=1,ISNUMBER($G15)),$G15*100000+N($H15)*100+N($I15)+(1000-ROW())/10000,0) -> 0 | N15: =IF(OR($F15="حاضر",$F15="متأخر"),1,0) -> 1 | O15: =IF(OR($N15=1,$F15="معتذر",$F15="غائب"),IF(ISNUMBER($G15),$G15,IF($N15=1,"",0)),"") -> 85 | P15: =IF(ISNUMBER($O15),1,0) -> 1
A16: 1 | B16: =IFERROR(INDEX(الطلاب!$C$5:$C$44,MATCH($D16,الطلاب!$A$5:$A$44,0)),"") -> المقرأة الأولى | C16: =IFERROR(INDEX(الطلاب!$D$5:$D$44,MATCH($D16,الطلاب!$A$5:$A$44,0)),"") -> حسان بن ثابت | D16: 12 | E16: =IFERROR(INDEX(الطلاب!$B$5:$B$44,MATCH($D16,الطلاب!$A$5:$A$44,0)),"") -> عبدالمجيد الربعي | F16: حاضر | G16: 54 | H16: 0 | I16: 40 | L16: =IF(AND($A16='أفضل 5 طلاب'!$C$3,$B16=الإعدادات!$C$8,$N16=1,ISNUMBER($G16)),$G16*100000+N($H16)*100+N($I16)+(1000-ROW())/10000,0) -> 0 | M16: =IF(AND($A16='أفضل 5 طلاب'!$C$3,$B16=الإعدادات!$C$9,$N16=1,ISNUMBER($G16)),$G16*100000+N($H16)*100+N($I16)+(1000-ROW())/10000,0) -> 0 | N16: =IF(OR($F16="حاضر",$F16="متأخر"),1,0) -> 1 | O16: =IF(OR($N16=1,$F16="معتذر",$F16="غائب"),IF(ISNUMBER($G16),$G16,IF($N16=1,"",0)),"") -> 54 | P16: =IF(ISNUMBER($O16),1,0) -> 1
... A39: 1 | B39: =IFERROR(INDEX(الطلاب!$C$5:$C$44,MATCH($D39,الطلاب!$A$5:$A$44,0)),"") -> المقرأة الثانية | C39: =IFERROR(INDEX(الطلاب!$D$5:$D$44,MATCH($D39,الطلاب!$A$5:$A$44,0)),"") -> ابي بن مالك | D39: 35 | E39: =IFERROR(INDEX(الطلاب!$B$5:$B$44,MATCH($D39,الطلاب!$A$5:$A$44,0)),"") -> عبدالله الفايزي | F39: حاضر | G39: 60 | H39: 0 | I39: 20 | L39: =IF(AND($A39='أفضل 5 طلاب'!$C$3,$B39=الإعدادات!$C$8,$N39=1,ISNUMBER($G39)),$G39*100000+N($H39)*100+N($I39)+(1000-ROW())/10000,0) -> 0 | M39: =IF(AND($A39='أفضل 5 طلاب'!$C$3,$B39=الإعدادات!$C$9,$N39=1,ISNUMBER($G39)),$G39*100000+N($H39)*100+N($I39)+(1000-ROW())/10000,0) -> 0 | N39: =IF(OR($F39="حاضر",$F39="متأخر"),1,0) -> 1 | O39: =IF(OR($N39=1,$F39="معتذر",$F39="غائب"),IF(ISNUMBER($G39),$G39,IF($N39=1,"",0)),"") -> 60 | P39: =IF(ISNUMBER($O39),1,0) -> 1
A40: 1 | B40: =IFERROR(INDEX(الطلاب!$C$5:$C$44,MATCH($D40,الطلاب!$A$5:$A$44,0)),"") -> 0 | C40: =IFERROR(INDEX(الطلاب!$D$5:$D$44,MATCH($D40,الطلاب!$A$5:$A$44,0)),"") -> 0 | D40: 36 | E40: =IFERROR(INDEX(الطلاب!$B$5:$B$44,MATCH($D40,الطلاب!$A$5:$A$44,0)),"") -> عزام الحسن | L40: =IF(AND($A40='أفضل 5 طلاب'!$C$3,$B40=الإعدادات!$C$8,$N40=1,ISNUMBER($G40)),$G40*100000+N($H40)*100+N($I40)+(1000-ROW())/10000,0) -> 0 | M40: =IF(AND($A40='أفضل 5 طلاب'!$C$3,$B40=الإعدادات!$C$9,$N40=1,ISNUMBER($G40)),$G40*100000+N($H40)*100+N($I40)+(1000-ROW())/10000,0) -> 0 | N40: =IF(OR($F40="حاضر",$F40="متأخر"),1,0) -> 0 | O40: =IF(OR($N40=1,$F40="معتذر",$F40="غائب"),IF(ISNUMBER($G40),$G40,IF($N40=1,"",0)),"") | P40: =IF(ISNUMBER($O40),1,0) -> 0
A41: 1 | B41: =IFERROR(INDEX(الطلاب!$C$5:$C$44,MATCH($D41,الطلاب!$A$5:$A$44,0)),"") -> المقرأة الأولى | C41: =IFERROR(INDEX(الطلاب!$D$5:$D$44,MATCH($D41,الطلاب!$A$5:$A$44,0)),"") -> عبدالرحمن بن النعمان | D41: 37 | E41: =IFERROR(INDEX(الطلاب!$B$5:$B$44,MATCH($D41,الطلاب!$A$5:$A$44,0)),"") -> أسامة السعوي | L41: =IF(AND($A41='أفضل 5 طلاب'!$C$3,$B41=الإعدادات!$C$8,$N41=1,ISNUMBER($G41)),$G41*100000+N($H41)*100+N($I41)+(1000-ROW())/10000,0) -> 0 | M41: =IF(AND($A41='أفضل 5 طلاب'!$C$3,$B41=الإعدادات!$C$9,$N41=1,ISNUMBER($G41)),$G41*100000+N($H41)*100+N($I41)+(1000-ROW())/10000,0) -> 0 | N41: =IF(OR($F41="حاضر",$F41="متأخر"),1,0) -> 0 | O41: =IF(OR($N41=1,$F41="معتذر",$F41="غائب"),IF(ISNUMBER($G41),$G41,IF($N41=1,"",0)),"") | P41: =IF(ISNUMBER($O41),1,0) -> 0
A42: 1 | B42: =IFERROR(INDEX(الطلاب!$C$5:$C$44,MATCH($D42,الطلاب!$A$5:$A$44,0)),"") -> المقرأة الأولى | C42: =IFERROR(INDEX(الطلاب!$D$5:$D$44,MATCH($D42,الطلاب!$A$5:$A$44,0)),"") -> حسان بن ثابت | D42: 38 | E42: =IFERROR(INDEX(الطلاب!$B$5:$B$44,MATCH($D42,الطلاب!$A$5:$A$44,0)),"") -> عاصم الضالع | L42: =IF(AND($A42='أفضل 5 طلاب'!$C$3,$B42=الإعدادات!$C$8,$N42=1,ISNUMBER($G42)),$G42*100000+N($H42)*100+N($I42)+(1000-ROW())/10000,0) -> 0 | M42: =IF(AND($A42='أفضل 5 طلاب'!$C$3,$B42=الإعدادات!$C$9,$N42=1,ISNUMBER($G42)),$G42*100000+N($H42)*100+N($I42)+(1000-ROW())/10000,0) -> 0 | N42: =IF(OR($F42="حاضر",$F42="متأخر"),1,0) -> 0 | O42: =IF(OR($N42=1,$F42="معتذر",$F42="غائب"),IF(ISNUMBER($G42),$G42,IF($N42=1,"",0)),"") | P42: =IF(ISNUMBER($O42),1,0) -> 0
A43: 1 | B43: =IFERROR(INDEX(الطلاب!$C$5:$C$44,MATCH($D43,الطلاب!$A$5:$A$44,0)),"") -> 0 | C43: =IFERROR(INDEX(الطلاب!$D$5:$D$44,MATCH($D43,الطلاب!$A$5:$A$44,0)),"") -> 0 | D43: 39 | E43: =IFERROR(INDEX(الطلاب!$B$5:$B$44,MATCH($D43,الطلاب!$A$5:$A$44,0)),"") -> 0 | L43: =IF(AND($A43='أفضل 5 طلاب'!$C$3,$B43=الإعدادات!$C$8,$N43=1,ISNUMBER($G43)),$G43*100000+N($H43)*100+N($I43)+(1000-ROW())/10000,0) -> 0 | M43: =IF(AND($A43='أفضل 5 طلاب'!$C$3,$B43=الإعدادات!$C$9,$N43=1,ISNUMBER($G43)),$G43*100000+N($H43)*100+N($I43)+(1000-ROW())/10000,0) -> 0 | N43: =IF(OR($F43="حاضر",$F43="متأخر"),1,0) -> 0 | O43: =IF(OR($N43=1,$F43="معتذر",$F43="غائب"),IF(ISNUMBER($G43),$G43,IF($N43=1,"",0)),"") | P43: =IF(ISNUMBER($O43),1,0) -> 0
A44: 1 | B44: =IFERROR(INDEX(الطلاب!$C$5:$C$44,MATCH($D44,الطلاب!$A$5:$A$44,0)),"") -> 0 | C44: =IFERROR(INDEX(الطلاب!$D$5:$D$44,MATCH($D44,الطلاب!$A$5:$A$44,0)),"") -> 0 | D44: 40 | E44: =IFERROR(INDEX(الطلاب!$B$5:$B$44,MATCH($D44,الطلاب!$A$5:$A$44,0)),"") -> 0 | L44: =IF(AND($A44='أفضل 5 طلاب'!$C$3,$B44=الإعدادات!$C$8,$N44=1,ISNUMBER($G44)),$G44*100000+N($H44)*100+N($I44)+(1000-ROW())/10000,0) -> 0 | M44: =IF(AND($A44='أفضل 5 طلاب'!$C$3,$B44=الإعدادات!$C$9,$N44=1,ISNUMBER($G44)),$G44*100000+N($H44)*100+N($I44)+(1000-ROW())/10000,0) -> 0 | N44: =IF(OR($F44="حاضر",$F44="متأخر"),1,0) -> 0 | O44: =IF(OR($N44=1,$F44="معتذر",$F44="غائب"),IF(ISNUMBER($G44),$G44,IF($N44=1,"",0)),"") | P44: =IF(ISNUMBER($O44),1,0) -> 0
A45: 2 | B45: =IFERROR(INDEX(الطلاب!$C$5:$C$44,MATCH($D45,الطلاب!$A$5:$A$44,0)),"") -> المقرأة الأولى | C45: =IFERROR(INDEX(الطلاب!$D$5:$D$44,MATCH($D45,الطلاب!$A$5:$A$44,0)),"") -> عبدالرحمن بن النعمان | D45: 1 | E45: =IFERROR(INDEX(الطلاب!$B$5:$B$44,MATCH($D45,الطلاب!$A$5:$A$44,0)),"") -> غسان اليحيى | F45: حاضر | G45: 93 | H45: 6 | I45: 40 | L45: =IF(AND($A45='أفضل 5 طلاب'!$C$3,$B45=الإعدادات!$C$8,$N45=1,ISNUMBER($G45)),$G45*100000+N($H45)*100+N($I45)+(1000-ROW())/10000,0) -> 9300640.1 | M45: =IF(AND($A45='أفضل 5 طلاب'!$C$3,$B45=الإعدادات!$C$9,$N45=1,ISNUMBER($G45)),$G45*100000+N($H45)*100+N($I45)+(1000-ROW())/10000,0) -> 0 | N45: =IF(OR($F45="حاضر",$F45="متأخر"),1,0) -> 1 | O45: =IF(OR($N45=1,$F45="معتذر",$F45="غائب"),IF(ISNUMBER($G45),$G45,IF($N45=1,"",0)),"") -> 93 | P45: =IF(ISNUMBER($O45),1,0) -> 1
A46: 2 | B46: =IFERROR(INDEX(الطلاب!$C$5:$C$44,MATCH($D46,الطلاب!$A$5:$A$44,0)),"") -> المقرأة الأولى | C46: =IFERROR(INDEX(الطلاب!$D$5:$D$44,MATCH($D46,الطلاب!$A$5:$A$44,0)),"") -> عبدالرحمن بن النعمان | D46: 2 | E46: =IFERROR(INDEX(الطلاب!$B$5:$B$44,MATCH($D46,الطلاب!$A$5:$A$44,0)),"") -> صالح الشريف | F46: حاضر | G46: 87 | H46: 1 | I46: 30 | L46: =IF(AND($A46='أفضل 5 طلاب'!$C$3,$B46=الإعدادات!$C$8,$N46=1,ISNUMBER($G46)),$G46*100000+N($H46)*100+N($I46)+(1000-ROW())/10000,0) -> 8700130.1 | M46: =IF(AND($A46='أفضل 5 طلاب'!$C$3,$B46=الإعدادات!$C$9,$N46=1,ISNUMBER($G46)),$G46*100000+N($H46)*100+N($I46)+(1000-ROW())/10000,0) -> 0 | N46: =IF(OR($F46="حاضر",$F46="متأخر"),1,0) -> 1 | O46: =IF(OR($N46=1,$F46="معتذر",$F46="غائب"),IF(ISNUMBER($G46),$G46,IF($N46=1,"",0)),"") -> 87 | P46: =IF(ISNUMBER($O46),1,0) -> 1
A47: 2 | B47: =IFERROR(INDEX(الطلاب!$C$5:$C$44,MATCH($D47,الطلاب!$A$5:$A$44,0)),"") -> المقرأة الأولى | C47: =IFERROR(INDEX(الطلاب!$D$5:$D$44,MATCH($D47,الطلاب!$A$5:$A$44,0)),"") -> عبدالرحمن بن النعمان | D47: 3 | E47: =IFERROR(INDEX(الطلاب!$B$5:$B$44,MATCH($D47,الطلاب!$A$5:$A$44,0)),"") -> فهد المشيقح | F47: حاضر | G47: 99 | H47: 4 | I47: 30 | L47: =IF(AND($A47='أفضل 5 طلاب'!$C$3,$B47=الإعدادات!$C$8,$N47=1,ISNUMBER($G47)),$G47*100000+N($H47)*100+N($I47)+(1000-ROW())/10000,0) -> 9900430.1 | M47: =IF(AND($A47='أفضل 5 طلاب'!$C$3,$B47=الإعدادات!$C$9,$N47=1,ISNUMBER($G47)),$G47*100000+N($H47)*100+N($I47)+(1000-ROW())/10000,0) -> 0 | N47: =IF(OR($F47="حاضر",$F47="متأخر"),1,0) -> 1 | O47: =IF(OR($N47=1,$F47="معتذر",$F47="غائب"),IF(ISNUMBER($G47),$G47,IF($N47=1,"",0)),"") -> 99 | P47: =IF(ISNUMBER($O47),1,0) -> 1
A48: 2 | B48: =IFERROR(INDEX(الطلاب!$C$5:$C$44,MATCH($D48,الطلاب!$A$5:$A$44,0)),"") -> المقرأة الأولى | C48: =IFERROR(INDEX(الطلاب!$D$5:$D$44,MATCH($D48,الطلاب!$A$5:$A$44,0)),"") -> عبدالرحمن بن النعمان | D48: 4 | E48: =IFERROR(INDEX(الطلاب!$B$5:$B$44,MATCH($D48,الطلاب!$A$5:$A$44,0)),"") -> عبدالله الحفير | F48: حاضر | G48: 100 | H48: 4 | I48: 28 | L48: =IF(AND($A48='أفضل 5 طلاب'!$C$3,$B48=الإعدادات!$C$8,$N48=1,ISNUMBER($G48)),$G48*100000+N($H48)*100+N($I48)+(1000-ROW())/10000,0) -> 10000428 | M48: =IF(AND($A48='أفضل 5 طلاب'!$C$3,$B48=الإعدادات!$C$9,$N48=1,ISNUMBER($G48)),$G48*100000+N($H48)*100+N($I48)+(1000-ROW())/10000,0) -> 0 | N48: =IF(OR($F48="حاضر",$F48="متأخر"),1,0) -> 1 | O48: =IF(OR($N48=1,$F48="معتذر",$F48="غائب"),IF(ISNUMBER($G48),$G48,IF($N48=1,"",0)),"") -> 100 | P48: =IF(ISNUMBER($O48),1,0) -> 1
A49: 2 | B49: =IFERROR(INDEX(الطلاب!$C$5:$C$44,MATCH($D49,الطلاب!$A$5:$A$44,0)),"") -> المقرأة الأولى | C49: =IFERROR(INDEX(الطلاب!$D$5:$D$44,MATCH($D49,الطلاب!$A$5:$A$44,0)),"") -> عبدالرحمن بن النعمان | D49: 5 | E49: =IFERROR(INDEX(الطلاب!$B$5:$B$44,MATCH($D49,الطلاب!$A$5:$A$44,0)),"") -> زياد الدخيل الله | F49: حاضر | G49: 87 | H49: 3 | I49: 40 | L49: =IF(AND($A49='أفضل 5 طلاب'!$C$3,$B49=الإعدادات!$C$8,$N49=1,ISNUMBER($G49)),$G49*100000+N($H49)*100+N($I49)+(1000-ROW())/10000,0) -> 8700340.1 | M49: =IF(AND($A49='أفضل 5 طلاب'!$C$3,$B49=الإعدادات!$C$9,$N49=1,ISNUMBER($G49)),$G49*100000+N($H49)*100+N($I49)+(1000-ROW())/10000,0) -> 0 | N49: =IF(OR($F49="حاضر",$F49="متأخر"),1,0) -> 1 | O49: =IF(OR($N49=1,$F49="معتذر",$F49="غائب"),IF(ISNUMBER($G49),$G49,IF($N49=1,"",0)),"") -> 87 | P49: =IF(ISNUMBER($O49),1,0) -> 1
A50: 2 | B50: =IFERROR(INDEX(الطلاب!$C$5:$C$44,MATCH($D50,الطلاب!$A$5:$A$44,0)),"") -> المقرأة الأولى | C50: =IFERROR(INDEX(الطلاب!$D$5:$D$44,MATCH($D50,الطلاب!$A$5:$A$44,0)),"") -> ابن رجب | D50: 6 | E50: =IFERROR(INDEX(الطلاب!$B$5:$B$44,MATCH($D50,الطلاب!$A$5:$A$44,0)),"") -> عاصم الضبيعي | F50: حاضر | G50: 91 | H50: 3 | I50: 20 | L50: =IF(AND($A50='أفضل 5 طلاب'!$C$3,$B50=الإعدادات!$C$8,$N50=1,ISNUMBER($G50)),$G50*100000+N($H50)*100+N($I50)+(1000-ROW())/10000,0) -> 9100320.1 | M50: =IF(AND($A50='أفضل 5 طلاب'!$C$3,$B50=الإعدادات!$C$9,$N50=1,ISNUMBER($G50)),$G50*100000+N($H50)*100+N($I50)+(1000-ROW())/10000,0) -> 0 | N50: =IF(OR($F50="حاضر",$F50="متأخر"),1,0) -> 1 | O50: =IF(OR($N50=1,$F50="معتذر",$F50="غائب"),IF(ISNUMBER($G50),$G50,IF($N50=1,"",0)),"") -> 91 | P50: =IF(ISNUMBER($O50),1,0) -> 1
A51: 2 | B51: =IFERROR(INDEX(الطلاب!$C$5:$C$44,MATCH($D51,الطلاب!$A$5:$A$44,0)),"") -> المقرأة الأولى | C51: =IFERROR(INDEX(الطلاب!$D$5:$D$44,MATCH($D51,الطلاب!$A$5:$A$44,0)),"") -> ابن رجب | D51: 7 | E51: =IFERROR(INDEX(الطلاب!$B$5:$B$44,MATCH($D51,الطلاب!$A$5:$A$44,0)),"") -> محمد السعوي | F51: حاضر | G51: 71 | H51: 0 | I51: 40 | L51: =IF(AND($A51='أفضل 5 طلاب'!$C$3,$B51=الإعدادات!$C$8,$N51=1,ISNUMBER($G51)),$G51*100000+N($H51)*100+N($I51)+(1000-ROW())/10000,0) -> 7100040.1 | M51: =IF(AND($A51='أفضل 5 طلاب'!$C$3,$B51=الإعدادات!$C$9,$N51=1,ISNUMBER($G51)),$G51*100000+N($H51)*100+N($I51)+(1000-ROW())/10000,0) -> 0 | N51: =IF(OR($F51="حاضر",$F51="متأخر"),1,0) -> 1 | O51: =IF(OR($N51=1,$F51="معتذر",$F51="غائب"),IF(ISNUMBER($G51),$G51,IF($N51=1,"",0)),"") -> 71 | P51: =IF(ISNUMBER($O51),1,0) -> 1
A52: 2 | B52: =IFERROR(INDEX(الطلاب!$C$5:$C$44,MATCH($D52,الطلاب!$A$5:$A$44,0)),"") -> المقرأة الأولى | C52: =IFERROR(INDEX(الطلاب!$D$5:$D$44,MATCH($D52,الطلاب!$A$5:$A$44,0)),"") -> ابن رجب | D52: 8 | E52: =IFERROR(INDEX(الطلاب!$B$5:$B$44,MATCH($D52,الطلاب!$A$5:$A$44,0)),"") -> هشام المخلف | F52: حاضر | G52: 93 | H52: 2 | I52: 20 | L52: =IF(AND($A52='أفضل 5 طلاب'!$C$3,$B52=الإعدادات!$C$8,$N52=1,ISNUMBER($G52)),$G52*100000+N($H52)*100+N($I52)+(1000-ROW())/10000,0) -> 9300220.1 | M52: =IF(AND($A52='أفضل 5 طلاب'!$C$3,$B52=الإعدادات!$C$9,$N52=1,ISNUMBER($G52)),$G52*100000+N($H52)*100+N($I52)+(1000-ROW())/10000,0) -> 0 | N52: =IF(OR($F52="حاضر",$F52="متأخر"),1,0) -> 1 | O52: =IF(OR($N52=1,$F52="معتذر",$F52="غائب"),IF(ISNUMBER($G52),$G52,IF($N52=1,"",0)),"") -> 93 | P52: =IF(ISNUMBER($O52),1,0) -> 1
A53: 2 | B53: =IFERROR(INDEX(الطلاب!$C$5:$C$44,MATCH($D53,الطلاب!$A$5:$A$44,0)),"") -> المقرأة الأولى | C53: =IFERROR(INDEX(الطلاب!$D$5:$D$44,MATCH($D53,الطلاب!$A$5:$A$44,0)),"") -> ابن رجب | D53: 9 | E53: =IFERROR(INDEX(الطلاب!$B$5:$B$44,MATCH($D53,الطلاب!$A$5:$A$44,0)),"") -> اسامة السعدون | F53: معتذر | G53: 15 | L53: =IF(AND($A53='أفضل 5 طلاب'!$C$3,$B53=الإعدادات!$C$8,$N53=1,ISNUMBER($G53)),$G53*100000+N($H53)*100+N($I53)+(1000-ROW())/10000,0) -> 0 | M53: =IF(AND($A53='أفضل 5 طلاب'!$C$3,$B53=الإعدادات!$C$9,$N53=1,ISNUMBER($G53)),$G53*100000+N($H53)*100+N($I53)+(1000-ROW())/10000,0) -> 0 | N53: =IF(OR($F53="حاضر",$F53="متأخر"),1,0) -> 0 | O53: =IF(OR($N53=1,$F53="معتذر",$F53="غائب"),IF(ISNUMBER($G53),$G53,IF($N53=1,"",0)),"") -> 15 | P53: =IF(ISNUMBER($O53),1,0) -> 1
A54: 2 | B54: =IFERROR(INDEX(الطلاب!$C$5:$C$44,MATCH($D54,الطلاب!$A$5:$A$44,0)),"") -> المقرأة الأولى | C54: =IFERROR(INDEX(الطلاب!$D$5:$D$44,MATCH($D54,الطلاب!$A$5:$A$44,0)),"") -> حسان بن ثابت | D54: 10 | E54: =IFERROR(INDEX(الطلاب!$B$5:$B$44,MATCH($D54,الطلاب!$A$5:$A$44,0)),"") -> محمد الثنيان | F54: حاضر | G54: 99 | H54: 3 | I54: 8 | L54: =IF(AND($A54='أفضل 5 طلاب'!$C$3,$B54=الإعدادات!$C$8,$N54=1,ISNUMBER($G54)),$G54*100000+N($H54)*100+N($I54)+(1000-ROW())/10000,0) -> 9900308.1 | M54: =IF(AND($A54='أفضل 5 طلاب'!$C$3,$B54=الإعدادات!$C$9,$N54=1,ISNUMBER($G54)),$G54*100000+N($H54)*100+N($I54)+(1000-ROW())/10000,0) -> 0 | N54: =IF(OR($F54="حاضر",$F54="متأخر"),1,0) -> 1 | O54: =IF(OR($N54=1,$F54="معتذر",$F54="غائب"),IF(ISNUMBER($G54),$G54,IF($N54=1,"",0)),"") -> 99 | P54: =IF(ISNUMBER($O54),1,0) -> 1
A55: 2 | B55: =IFERROR(INDEX(الطلاب!$C$5:$C$44,MATCH($D55,الطلاب!$A$5:$A$44,0)),"") -> المقرأة الأولى | C55: =IFERROR(INDEX(الطلاب!$D$5:$D$44,MATCH($D55,الطلاب!$A$5:$A$44,0)),"") -> حسان بن ثابت | D55: 11 | E55: =IFERROR(INDEX(الطلاب!$B$5:$B$44,MATCH($D55,الطلاب!$A$5:$A$44,0)),"") -> كنان الجريفاني | F55: حاضر | G55: 99 | H55: 3 | I55: 17 | L55: =IF(AND($A55='أفضل 5 طلاب'!$C$3,$B55=الإعدادات!$C$8,$N55=1,ISNUMBER($G55)),$G55*100000+N($H55)*100+N($I55)+(1000-ROW())/10000,0) -> 9900317.1 | M55: =IF(AND($A55='أفضل 5 طلاب'!$C$3,$B55=الإعدادات!$C$9,$N55=1,ISNUMBER($G55)),$G55*100000+N($H55)*100+N($I55)+(1000-ROW())/10000,0) -> 0 | N55: =IF(OR($F55="حاضر",$F55="متأخر"),1,0) -> 1 | O55: =IF(OR($N55=1,$F55="معتذر",$F55="غائب"),IF(ISNUMBER($G55),$G55,IF($N55=1,"",0)),"") -> 99 | P55: =IF(ISNUMBER($O55),1,0) -> 1
A56: 2 | B56: =IFERROR(INDEX(الطلاب!$C$5:$C$44,MATCH($D56,الطلاب!$A$5:$A$44,0)),"") -> المقرأة الأولى | C56: =IFERROR(INDEX(الطلاب!$D$5:$D$44,MATCH($D56,الطلاب!$A$5:$A$44,0)),"") -> حسان بن ثابت | D56: 12 | E56: =IFERROR(INDEX(الطلاب!$B$5:$B$44,MATCH($D56,الطلاب!$A$5:$A$44,0)),"") -> عبدالمجيد الربعي | F56: حاضر | G56: 70 | H56: 5 | I56: 40 | L56: =IF(AND($A56='أفضل 5 طلاب'!$C$3,$B56=الإعدادات!$C$8,$N56=1,ISNUMBER($G56)),$G56*100000+N($H56)*100+N($I56)+(1000-ROW())/10000,0) -> 7000540.1 | M56: =IF(AND($A56='أفضل 5 طلاب'!$C$3,$B56=الإعدادات!$C$9,$N56=1,ISNUMBER($G56)),$G56*100000+N($H56)*100+N($I56)+(1000-ROW())/10000,0) -> 0 | N56: =IF(OR($F56="حاضر",$F56="متأخر"),1,0) -> 1 | O56: =IF(OR($N56=1,$F56="معتذر",$F56="غائب"),IF(ISNUMBER($G56),$G56,IF($N56=1,"",0)),"") -> 70 | P56: =IF(ISNUMBER($O56),1,0) -> 1
A57: 2 | B57: =IFERROR(INDEX(الطلاب!$C$5:$C$44,MATCH($D57,الطلاب!$A$5:$A$44,0)),"") -> المقرأة الأولى | C57: =IFERROR(INDEX(الطلاب!$D$5:$D$44,MATCH($D57,الطلاب!$A$5:$A$44,0)),"") -> حسان بن ثابت | D57: 13 | E57: =IFERROR(INDEX(الطلاب!$B$5:$B$44,MATCH($D57,الطلاب!$A$5:$A$44,0)),"") -> عبدالله التويجري | F57: معتذر | G57: 15 | L57: =IF(AND($A57='أفضل 5 طلاب'!$C$3,$B57=الإعدادات!$C$8,$N57=1,ISNUMBER($G57)),$G57*100000+N($H57)*100+N($I57)+(1000-ROW())/10000,0) -> 0 | M57: =IF(AND($A57='أفضل 5 طلاب'!$C$3,$B57=الإعدادات!$C$9,$N57=1,ISNUMBER($G57)),$G57*100000+N($H57)*100+N($I57)+(1000-ROW())/10000,0) -> 0 | N57: =IF(OR($F57="حاضر",$F57="متأخر"),1,0) -> 0 | O57: =IF(OR($N57=1,$F57="معتذر",$F57="غائب"),IF(ISNUMBER($G57),$G57,IF($N57=1,"",0)),"") -> 15 | P57: =IF(ISNUMBER($O57),1,0) -> 1
A58: 2 | B58: =IFERROR(INDEX(الطلاب!$C$5:$C$44,MATCH($D58,الطلاب!$A$5:$A$44,0)),"") -> المقرأة الأولى | C58: =IFERROR(INDEX(الطلاب!$D$5:$D$44,MATCH($D58,الطلاب!$A$5:$A$44,0)),"") -> حسان بن ثابت | D58: 14 | E58: =IFERROR(INDEX(الطلاب!$B$5:$B$44,MATCH($D58,الطلاب!$A$5:$A$44,0)),"") -> حسام التويجري | F58: معتذر | G58: 48 | H58: 0 | I58: 40 | L58: =IF(AND($A58='أفضل 5 طلاب'!$C$3,$B58=الإعدادات!$C$8,$N58=1,ISNUMBER($G58)),$G58*100000+N($H58)*100+N($I58)+(1000-ROW())/10000,0) -> 0 | M58: =IF(AND($A58='أفضل 5 طلاب'!$C$3,$B58=الإعدادات!$C$9,$N58=1,ISNUMBER($G58)),$G58*100000+N($H58)*100+N($I58)+(1000-ROW())/10000,0) -> 0 | N58: =IF(OR($F58="حاضر",$F58="متأخر"),1,0) -> 0 | O58: =IF(OR($N58=1,$F58="معتذر",$F58="غائب"),IF(ISNUMBER($G58),$G58,IF($N58=1,"",0)),"") -> 48 | P58: =IF(ISNUMBER($O58),1,0) -> 1
A59: 2 | B59: =IFERROR(INDEX(الطلاب!$C$5:$C$44,MATCH($D59,الطلاب!$A$5:$A$44,0)),"") -> المقرأة الأولى | C59: =IFERROR(INDEX(الطلاب!$D$5:$D$44,MATCH($D59,الطلاب!$A$5:$A$44,0)),"") -> حسان بن ثابت | D59: 15 | E59: =IFERROR(INDEX(الطلاب!$B$5:$B$44,MATCH($D59,الطلاب!$A$5:$A$44,0)),"") -> عبدالرحمن البريدي | F59: معتذر | G59: 62 | H59: 4 | I59: 20 | L59: =IF(AND($A59='أفضل 5 طلاب'!$C$3,$B59=الإعدادات!$C$8,$N59=1,ISNUMBER($G59)),$G59*100000+N($H59)*100+N($I59)+(1000-ROW())/10000,0) -> 0 | M59: =IF(AND($A59='أفضل 5 طلاب'!$C$3,$B59=الإعدادات!$C$9,$N59=1,ISNUMBER($G59)),$G59*100000+N($H59)*100+N($I59)+(1000-ROW())/10000,0) -> 0 | N59: =IF(OR($F59="حاضر",$F59="متأخر"),1,0) -> 0 | O59: =IF(OR($N59=1,$F59="معتذر",$F59="غائب"),IF(ISNUMBER($G59),$G59,IF($N59=1,"",0)),"") -> 62 | P59: =IF(ISNUMBER($O59),1,0) -> 1
A60: 2 | B60: =IFERROR(INDEX(الطلاب!$C$5:$C$44,MATCH($D60,الطلاب!$A$5:$A$44,0)),"") -> المقرأة الأولى | C60: =IFERROR(INDEX(الطلاب!$D$5:$D$44,MATCH($D60,الطلاب!$A$5:$A$44,0)),"") -> حسان بن ثابت | D60: 16 | E60: =IFERROR(INDEX(الطلاب!$B$5:$B$44,MATCH($D60,الطلاب!$A$5:$A$44,0)),"") -> عبدالرحمن بازرعة | F60: حاضر | G60: 87 | H60: 7 | I60: 15 | L60: =IF(AND($A60='أفضل 5 طلاب'!$C$3,$B60=الإعدادات!$C$8,$N60=1,ISNUMBER($G60)),$G60*100000+N($H60)*100+N($I60)+(1000-ROW())/10000,0) -> 8700715.1 | M60: =IF(AND($A60='أفضل 5 طلاب'!$C$3,$B60=الإعدادات!$C$9,$N60=1,ISNUMBER($G60)),$G60*100000+N($H60)*100+N($I60)+(1000-ROW())/10000,0) -> 0 | N60: =IF(OR($F60="حاضر",$F60="متأخر"),1,0) -> 1 | O60: =IF(OR($N60=1,$F60="معتذر",$F60="غائب"),IF(ISNUMBER($G60),$G60,IF($N60=1,"",0)),"") -> 87 | P60: =IF(ISNUMBER($O60),1,0) -> 1
A61: 2 | B61: =IFERROR(INDEX(الطلاب!$C$5:$C$44,MATCH($D61,الطلاب!$A$5:$A$44,0)),"") -> المقرأة الأولى | C61: =IFERROR(INDEX(الطلاب!$D$5:$D$44,MATCH($D61,الطلاب!$A$5:$A$44,0)),"") -> حسان بن ثابت | D61: 17 | E61: =IFERROR(INDEX(الطلاب!$B$5:$B$44,MATCH($D61,الطلاب!$A$5:$A$44,0)),"") -> عبدالله الضحيان | F61: حاضر | G61: 84 | H61: 3 | I61: 40 | L61: =IF(AND($A61='أفضل 5 طلاب'!$C$3,$B61=الإعدادات!$C$8,$N61=1,ISNUMBER($G61)),$G61*100000+N($H61)*100+N($I61)+(1000-ROW())/10000,0) -> 8400340.1 | M61: =IF(AND($A61='أفضل 5 طلاب'!$C$3,$B61=الإعدادات!$C$9,$N61=1,ISNUMBER($G61)),$G61*100000+N($H61)*100+N($I61)+(1000-ROW())/10000,0) -> 0 | N61: =IF(OR($F61="حاضر",$F61="متأخر"),1,0) -> 1 | O61: =IF(OR($N61=1,$F61="معتذر",$F61="غائب"),IF(ISNUMBER($G61),$G61,IF($N61=1,"",0)),"") -> 84 | P61: =IF(ISNUMBER($O61),1,0) -> 1
A62: 2 | B62: =IFERROR(INDEX(الطلاب!$C$5:$C$44,MATCH($D62,الطلاب!$A$5:$A$44,0)),"") -> المقرأة الأولى | C62: =IFERROR(INDEX(الطلاب!$D$5:$D$44,MATCH($D62,الطلاب!$A$5:$A$44,0)),"") -> حسان بن ثابت | D62: 18 | E62: =IFERROR(INDEX(الطلاب!$B$5:$B$44,MATCH($D62,الطلاب!$A$5:$A$44,0)),"") -> فيصل الدخيل | F62: حاضر | G62: 94 | H62: 4 | I62: 10 | L62: =IF(AND($A62='أفضل 5 طلاب'!$C$3,$B62=الإعدادات!$C$8,$N62=1,ISNUMBER($G62)),$G62*100000+N($H62)*100+N($I62)+(1000-ROW())/10000,0) -> 9400410.1 | M62: =IF(AND($A62='أفضل 5 طلاب'!$C$3,$B62=الإعدادات!$C$9,$N62=1,ISNUMBER($G62)),$G62*100000+N($H62)*100+N($I62)+(1000-ROW())/10000,0) -> 0 | N62: =IF(OR($F62="حاضر",$F62="متأخر"),1,0) -> 1 | O62: =IF(OR($N62=1,$F62="معتذر",$F62="غائب"),IF(ISNUMBER($G62),$G62,IF($N62=1,"",0)),"") -> 94 | P62: =IF(ISNUMBER($O62),1,0) -> 1
A63: 2 | B63: =IFERROR(INDEX(الطلاب!$C$5:$C$44,MATCH($D63,الطلاب!$A$5:$A$44,0)),"") -> المقرأة الأولى | C63: =IFERROR(INDEX(الطلاب!$D$5:$D$44,MATCH($D63,الطلاب!$A$5:$A$44,0)),"") -> حسان بن ثابت | D63: 19 | E63: =IFERROR(INDEX(الطلاب!$B$5:$B$44,MATCH($D63,الطلاب!$A$5:$A$44,0)),"") -> سليمان المحيميد | F63: معتذر | G63: 62 | H63: 0 | I63: 20 | L63: =IF(AND($A63='أفضل 5 طلاب'!$C$3,$B63=الإعدادات!$C$8,$N63=1,ISNUMBER($G63)),$G63*100000+N($H63)*100+N($I63)+(1000-ROW())/10000,0) -> 0 | M63: =IF(AND($A63='أفضل 5 طلاب'!$C$3,$B63=الإعدادات!$C$9,$N63=1,ISNUMBER($G63)),$G63*100000+N($H63)*100+N($I63)+(1000-ROW())/10000,0) -> 0 | N63: =IF(OR($F63="حاضر",$F63="متأخر"),1,0) -> 0 | O63: =IF(OR($N63=1,$F63="معتذر",$F63="غائب"),IF(ISNUMBER($G63),$G63,IF($N63=1,"",0)),"") -> 62 | P63: =IF(ISNUMBER($O63),1,0) -> 1
A64: 2 | B64: =IFERROR(INDEX(الطلاب!$C$5:$C$44,MATCH($D64,الطلاب!$A$5:$A$44,0)),"") -> المقرأة الثانية | C64: =IFERROR(INDEX(الطلاب!$D$5:$D$44,MATCH($D64,الطلاب!$A$5:$A$44,0)),"") -> ابن رجب | D64: 20 | E64: =IFERROR(INDEX(الطلاب!$B$5:$B$44,MATCH($D64,الطلاب!$A$5:$A$44,0)),"") -> اصيل التويجري | F64: غائب | L64: =IF(AND($A64='أفضل 5 طلاب'!$C$3,$B64=الإعدادات!$C$8,$N64=1,ISNUMBER($G64)),$G64*100000+N($H64)*100+N($I64)+(1000-ROW())/10000,0) -> 0 | M64: =IF(AND($A64='أفضل 5 طلاب'!$C$3,$B64=الإعدادات!$C$9,$N64=1,ISNUMBER($G64)),$G64*100000+N($H64)*100+N($I64)+(1000-ROW())/10000,0) -> 0 | N64: =IF(OR($F64="حاضر",$F64="متأخر"),1,0) -> 0 | O64: =IF(OR($N64=1,$F64="معتذر",$F64="غائب"),IF(ISNUMBER($G64),$G64,IF($N64=1,"",0)),"") -> 0 | P64: =IF(ISNUMBER($O64),1,0) -> 1
A65: 2 | B65: =IFERROR(INDEX(الطلاب!$C$5:$C$44,MATCH($D65,الطلاب!$A$5:$A$44,0)),"") -> المقرأة الثانية | C65: =IFERROR(INDEX(الطلاب!$D$5:$D$44,MATCH($D65,الطلاب!$A$5:$A$44,0)),"") -> ابن رجب | D65: 21 | E65: =IFERROR(INDEX(الطلاب!$B$5:$B$44,MATCH($D65,الطلاب!$A$5:$A$44,0)),"") -> جواد الرفيعي | F65: حاضر | G65: 92 | H65: 2 | I65: 18 | L65: =IF(AND($A65='أفضل 5 طلاب'!$C$3,$B65=الإعدادات!$C$8,$N65=1,ISNUMBER($G65)),$G65*100000+N($H65)*100+N($I65)+(1000-ROW())/10000,0) -> 0 | M65: =IF(AND($A65='أفضل 5 طلاب'!$C$3,$B65=الإعدادات!$C$9,$N65=1,ISNUMBER($G65)),$G65*100000+N($H65)*100+N($I65)+(1000-ROW())/10000,0) -> 9200218.1 | N65: =IF(OR($F65="حاضر",$F65="متأخر"),1,0) -> 1 | O65: =IF(OR($N65=1,$F65="معتذر",$F65="غائب"),IF(ISNUMBER($G65),$G65,IF($N65=1,"",0)),"") -> 92 | P65: =IF(ISNUMBER($O65),1,0) -> 1
A66: 2 | B66: =IFERROR(INDEX(الطلاب!$C$5:$C$44,MATCH($D66,الطلاب!$A$5:$A$44,0)),"") -> المقرأة الثانية | C66: =IFERROR(INDEX(الطلاب!$D$5:$D$44,MATCH($D66,الطلاب!$A$5:$A$44,0)),"") -> ابن رجب | D66: 22 | E66: =IFERROR(INDEX(الطلاب!$B$5:$B$44,MATCH($D66,الطلاب!$A$5:$A$44,0)),"") -> سفيان السبيعي | F66: غائب | L66: =IF(AND($A66='أفضل 5 طلاب'!$C$3,$B66=الإعدادات!$C$8,$N66=1,ISNUMBER($G66)),$G66*100000+N($H66)*100+N($I66)+(1000-ROW())/10000,0) -> 0 | M66: =IF(AND($A66='أفضل 5 طلاب'!$C$3,$B66=الإعدادات!$C$9,$N66=1,ISNUMBER($G66)),$G66*100000+N($H66)*100+N($I66)+(1000-ROW())/10000,0) -> 0 | N66: =IF(OR($F66="حاضر",$F66="متأخر"),1,0) -> 0 | O66: =IF(OR($N66=1,$F66="معتذر",$F66="غائب"),IF(ISNUMBER($G66),$G66,IF($N66=1,"",0)),"") -> 0 | P66: =IF(ISNUMBER($O66),1,0) -> 1
A67: 2 | B67: =IFERROR(INDEX(الطلاب!$C$5:$C$44,MATCH($D67,الطلاب!$A$5:$A$44,0)),"") -> المقرأة الثانية | C67: =IFERROR(INDEX(الطلاب!$D$5:$D$44,MATCH($D67,الطلاب!$A$5:$A$44,0)),"") -> ابن رجب | D67: 23 | E67: =IFERROR(INDEX(الطلاب!$B$5:$B$44,MATCH($D67,الطلاب!$A$5:$A$44,0)),"") -> عمار الفضل | F67: حاضر | G67: 93 | H67: 5 | I67: 20 | L67: =IF(AND($A67='أفضل 5 طلاب'!$C$3,$B67=الإعدادات!$C$8,$N67=1,ISNUMBER($G67)),$G67*100000+N($H67)*100+N($I67)+(1000-ROW())/10000,0) -> 0 | M67: =IF(AND($A67='أفضل 5 طلاب'!$C$3,$B67=الإعدادات!$C$9,$N67=1,ISNUMBER($G67)),$G67*100000+N($H67)*100+N($I67)+(1000-ROW())/10000,0) -> 9300520.1 | N67: =IF(OR($F67="حاضر",$F67="متأخر"),1,0) -> 1 | O67: =IF(OR($N67=1,$F67="معتذر",$F67="غائب"),IF(ISNUMBER($G67),$G67,IF($N67=1,"",0)),"") -> 93 | P67: =IF(ISNUMBER($O67),1,0) -> 1
A68: 2 | B68: =IFERROR(INDEX(الطلاب!$C$5:$C$44,MATCH($D68,الطلاب!$A$5:$A$44,0)),"") -> المقرأة الثانية | C68: =IFERROR(INDEX(الطلاب!$D$5:$D$44,MATCH($D68,الطلاب!$A$5:$A$44,0)),"") -> ابن رجب | D68: 24 | E68: =IFERROR(INDEX(الطلاب!$B$5:$B$44,MATCH($D68,الطلاب!$A$5:$A$44,0)),"") -> مروان المهوس | F68: غائب | L68: =IF(AND($A68='أفضل 5 طلاب'!$C$3,$B68=الإعدادات!$C$8,$N68=1,ISNUMBER($G68)),$G68*100000+N($H68)*100+N($I68)+(1000-ROW())/10000,0) -> 0 | M68: =IF(AND($A68='أفضل 5 طلاب'!$C$3,$B68=الإعدادات!$C$9,$N68=1,ISNUMBER($G68)),$G68*100000+N($H68)*100+N($I68)+(1000-ROW())/10000,0) -> 0 | N68: =IF(OR($F68="حاضر",$F68="متأخر"),1,0) -> 0 | O68: =IF(OR($N68=1,$F68="معتذر",$F68="غائب"),IF(ISNUMBER($G68),$G68,IF($N68=1,"",0)),"") -> 0 | P68: =IF(ISNUMBER($O68),1,0) -> 1
A69: 2 | B69: =IFERROR(INDEX(الطلاب!$C$5:$C$44,MATCH($D69,الطلاب!$A$5:$A$44,0)),"") -> المقرأة الثانية | C69: =IFERROR(INDEX(الطلاب!$D$5:$D$44,MATCH($D69,الطلاب!$A$5:$A$44,0)),"") -> ابن رجب | D69: 25 | E69: =IFERROR(INDEX(الطلاب!$B$5:$B$44,MATCH($D69,الطلاب!$A$5:$A$44,0)),"") -> جهاد الجدعان | F69: حاضر | G69: 92 | H69: 6 | I69: 20 | L69: =IF(AND($A69='أفضل 5 طلاب'!$C$3,$B69=الإعدادات!$C$8,$N69=1,ISNUMBER($G69)),$G69*100000+N($H69)*100+N($I69)+(1000-ROW())/10000,0) -> 0 | M69: =IF(AND($A69='أفضل 5 طلاب'!$C$3,$B69=الإعدادات!$C$9,$N69=1,ISNUMBER($G69)),$G69*100000+N($H69)*100+N($I69)+(1000-ROW())/10000,0) -> 9200620.1 | N69: =IF(OR($F69="حاضر",$F69="متأخر"),1,0) -> 1 | O69: =IF(OR($N69=1,$F69="معتذر",$F69="غائب"),IF(ISNUMBER($G69),$G69,IF($N69=1,"",0)),"") -> 92 | P69: =IF(ISNUMBER($O69),1,0) -> 1
A70: 2 | B70: =IFERROR(INDEX(الطلاب!$C$5:$C$44,MATCH($D70,الطلاب!$A$5:$A$44,0)),"") -> المقرأة الثانية | C70: =IFERROR(INDEX(الطلاب!$D$5:$D$44,MATCH($D70,الطلاب!$A$5:$A$44,0)),"") -> ابن رجب | D70: 26 | E70: =IFERROR(INDEX(الطلاب!$B$5:$B$44,MATCH($D70,الطلاب!$A$5:$A$44,0)),"") -> صلاح مسعد | F70: حاضر | G70: 25 | H70: 0 | I70: 0 | L70: =IF(AND($A70='أفضل 5 طلاب'!$C$3,$B70=الإعدادات!$C$8,$N70=1,ISNUMBER($G70)),$G70*100000+N($H70)*100+N($I70)+(1000-ROW())/10000,0) -> 0 | M70: =IF(AND($A70='أفضل 5 طلاب'!$C$3,$B70=الإعدادات!$C$9,$N70=1,ISNUMBER($G70)),$G70*100000+N($H70)*100+N($I70)+(1000-ROW())/10000,0) -> 2500000.1 | N70: =IF(OR($F70="حاضر",$F70="متأخر"),1,0) -> 1 | O70: =IF(OR($N70=1,$F70="معتذر",$F70="غائب"),IF(ISNUMBER($G70),$G70,IF($N70=1,"",0)),"") -> 25 | P70: =IF(ISNUMBER($O70),1,0) -> 1
A71: 2 | B71: =IFERROR(INDEX(الطلاب!$C$5:$C$44,MATCH($D71,الطلاب!$A$5:$A$44,0)),"") -> المقرأة الثانية | C71: =IFERROR(INDEX(الطلاب!$D$5:$D$44,MATCH($D71,الطلاب!$A$5:$A$44,0)),"") -> ابي بن مالك | D71: 27 | E71: =IFERROR(INDEX(الطلاب!$B$5:$B$44,MATCH($D71,الطلاب!$A$5:$A$44,0)),"") -> سالم بانوير | F71: حاضر | G71: 67 | H71: 0 | I71: 20 | L71: =IF(AND($A71='أفضل 5 طلاب'!$C$3,$B71=الإعدادات!$C$8,$N71=1,ISNUMBER($G71)),$G71*100000+N($H71)*100+N($I71)+(1000-ROW())/10000,0) -> 0 | M71: =IF(AND($A71='أفضل 5 طلاب'!$C$3,$B71=الإعدادات!$C$9,$N71=1,ISNUMBER($G71)),$G71*100000+N($H71)*100+N($I71)+(1000-ROW())/10000,0) -> 6700020.1 | N71: =IF(OR($F71="حاضر",$F71="متأخر"),1,0) -> 1 | O71: =IF(OR($N71=1,$F71="معتذر",$F71="غائب"),IF(ISNUMBER($G71),$G71,IF($N71=1,"",0)),"") -> 67 | P71: =IF(ISNUMBER($O71),1,0) -> 1
A72: 2 | B72: =IFERROR(INDEX(الطلاب!$C$5:$C$44,MATCH($D72,الطلاب!$A$5:$A$44,0)),"") -> المقرأة الثانية | C72: =IFERROR(INDEX(الطلاب!$D$5:$D$44,MATCH($D72,الطلاب!$A$5:$A$44,0)),"") -> ابي بن مالك | D72: 28 | E72: =IFERROR(INDEX(الطلاب!$B$5:$B$44,MATCH($D72,الطلاب!$A$5:$A$44,0)),"") -> عبدالعزيز الصقعبي | F72: حاضر | G72: 97 | H72: 5 | I72: 40 | L72: =IF(AND($A72='أفضل 5 طلاب'!$C$3,$B72=الإعدادات!$C$8,$N72=1,ISNUMBER($G72)),$G72*100000+N($H72)*100+N($I72)+(1000-ROW())/10000,0) -> 0 | M72: =IF(AND($A72='أفضل 5 طلاب'!$C$3,$B72=الإعدادات!$C$9,$N72=1,ISNUMBER($G72)),$G72*100000+N($H72)*100+N($I72)+(1000-ROW())/10000,0) -> 9700540.1 | N72: =IF(OR($F72="حاضر",$F72="متأخر"),1,0) -> 1 | O72: =IF(OR($N72=1,$F72="معتذر",$F72="غائب"),IF(ISNUMBER($G72),$G72,IF($N72=1,"",0)),"") -> 97 | P72: =IF(ISNUMBER($O72),1,0) -> 1
A73: 2 | B73: =IFERROR(INDEX(الطلاب!$C$5:$C$44,MATCH($D73,الطلاب!$A$5:$A$44,0)),"") -> المقرأة الثانية | C73: =IFERROR(INDEX(الطلاب!$D$5:$D$44,MATCH($D73,الطلاب!$A$5:$A$44,0)),"") -> ابي بن مالك | D73: 29 | E73: =IFERROR(INDEX(الطلاب!$B$5:$B$44,MATCH($D73,الطلاب!$A$5:$A$44,0)),"") -> عبدالله المجيدل | F73: حاضر | G73: 82 | H73: 2 | I73: 20 | L73: =IF(AND($A73='أفضل 5 طلاب'!$C$3,$B73=الإعدادات!$C$8,$N73=1,ISNUMBER($G73)),$G73*100000+N($H73)*100+N($I73)+(1000-ROW())/10000,0) -> 0 | M73: =IF(AND($A73='أفضل 5 طلاب'!$C$3,$B73=الإعدادات!$C$9,$N73=1,ISNUMBER($G73)),$G73*100000+N($H73)*100+N($I73)+(1000-ROW())/10000,0) -> 8200220.1 | N73: =IF(OR($F73="حاضر",$F73="متأخر"),1,0) -> 1 | O73: =IF(OR($N73=1,$F73="معتذر",$F73="غائب"),IF(ISNUMBER($G73),$G73,IF($N73=1,"",0)),"") -> 82 | P73: =IF(ISNUMBER($O73),1,0) -> 1
A74: 2 | B74: =IFERROR(INDEX(الطلاب!$C$5:$C$44,MATCH($D74,الطلاب!$A$5:$A$44,0)),"") -> المقرأة الثانية | C74: =IFERROR(INDEX(الطلاب!$D$5:$D$44,MATCH($D74,الطلاب!$A$5:$A$44,0)),"") -> ابي بن مالك | D74: 30 | E74: =IFERROR(INDEX(الطلاب!$B$5:$B$44,MATCH($D74,الطلاب!$A$5:$A$44,0)),"") -> فواز الشدوخي | F74: حاضر | G74: 92 | H74: 4 | I74: 30 | L74: =IF(AND($A74='أفضل 5 طلاب'!$C$3,$B74=الإعدادات!$C$8,$N74=1,ISNUMBER($G74)),$G74*100000+N($H74)*100+N($I74)+(1000-ROW())/10000,0) -> 0 | M74: =IF(AND($A74='أفضل 5 طلاب'!$C$3,$B74=الإعدادات!$C$9,$N74=1,ISNUMBER($G74)),$G74*100000+N($H74)*100+N($I74)+(1000-ROW())/10000,0) -> 9200430.1 | N74: =IF(OR($F74="حاضر",$F74="متأخر"),1,0) -> 1 | O74: =IF(OR($N74=1,$F74="معتذر",$F74="غائب"),IF(ISNUMBER($G74),$G74,IF($N74=1,"",0)),"") -> 92 | P74: =IF(ISNUMBER($O74),1,0) -> 1
A75: 2 | B75: =IFERROR(INDEX(الطلاب!$C$5:$C$44,MATCH($D75,الطلاب!$A$5:$A$44,0)),"") -> المقرأة الثانية | C75: =IFERROR(INDEX(الطلاب!$D$5:$D$44,MATCH($D75,الطلاب!$A$5:$A$44,0)),"") -> ابي بن مالك | D75: 31 | E75: =IFERROR(INDEX(الطلاب!$B$5:$B$44,MATCH($D75,الطلاب!$A$5:$A$44,0)),"") -> محمد الطامي | F75: حاضر | G75: 96 | H75: 2 | I75: 40 | L75: =IF(AND($A75='أفضل 5 طلاب'!$C$3,$B75=الإعدادات!$C$8,$N75=1,ISNUMBER($G75)),$G75*100000+N($H75)*100+N($I75)+(1000-ROW())/10000,0) -> 0 | M75: =IF(AND($A75='أفضل 5 طلاب'!$C$3,$B75=الإعدادات!$C$9,$N75=1,ISNUMBER($G75)),$G75*100000+N($H75)*100+N($I75)+(1000-ROW())/10000,0) -> 9600240.1 | N75: =IF(OR($F75="حاضر",$F75="متأخر"),1,0) -> 1 | O75: =IF(OR($N75=1,$F75="معتذر",$F75="غائب"),IF(ISNUMBER($G75),$G75,IF($N75=1,"",0)),"") -> 96 | P75: =IF(ISNUMBER($O75),1,0) -> 1
A76: 2 | B76: =IFERROR(INDEX(الطلاب!$C$5:$C$44,MATCH($D76,الطلاب!$A$5:$A$44,0)),"") -> المقرأة الثانية | C76: =IFERROR(INDEX(الطلاب!$D$5:$D$44,MATCH($D76,الطلاب!$A$5:$A$44,0)),"") -> ابي بن مالك | D76: 32 | E76: =IFERROR(INDEX(الطلاب!$B$5:$B$44,MATCH($D76,الطلاب!$A$5:$A$44,0)),"") -> مهند الغماس | F76: حاضر | G76: 25 | L76: =IF(AND($A76='أفضل 5 طلاب'!$C$3,$B76=الإعدادات!$C$8,$N76=1,ISNUMBER($G76)),$G76*100000+N($H76)*100+N($I76)+(1000-ROW())/10000,0) -> 0 | M76: =IF(AND($A76='أفضل 5 طلاب'!$C$3,$B76=الإعدادات!$C$9,$N76=1,ISNUMBER($G76)),$G76*100000+N($H76)*100+N($I76)+(1000-ROW())/10000,0) -> 2500000.1 | N76: =IF(OR($F76="حاضر",$F76="متأخر"),1,0) -> 1 | O76: =IF(OR($N76=1,$F76="معتذر",$F76="غائب"),IF(ISNUMBER($G76),$G76,IF($N76=1,"",0)),"") -> 25 | P76: =IF(ISNUMBER($O76),1,0) -> 1
A77: 2 | B77: =IFERROR(INDEX(الطلاب!$C$5:$C$44,MATCH($D77,الطلاب!$A$5:$A$44,0)),"") -> المقرأة الثانية | C77: =IFERROR(INDEX(الطلاب!$D$5:$D$44,MATCH($D77,الطلاب!$A$5:$A$44,0)),"") -> ابي بن مالك | D77: 33 | E77: =IFERROR(INDEX(الطلاب!$B$5:$B$44,MATCH($D77,الطلاب!$A$5:$A$44,0)),"") -> يوسف الحربي | F77: غائب | L77: =IF(AND($A77='أفضل 5 طلاب'!$C$3,$B77=الإعدادات!$C$8,$N77=1,ISNUMBER($G77)),$G77*100000+N($H77)*100+N($I77)+(1000-ROW())/10000,0) -> 0 | M77: =IF(AND($A77='أفضل 5 طلاب'!$C$3,$B77=الإعدادات!$C$9,$N77=1,ISNUMBER($G77)),$G77*100000+N($H77)*100+N($I77)+(1000-ROW())/10000,0) -> 0 | N77: =IF(OR($F77="حاضر",$F77="متأخر"),1,0) -> 0 | O77: =IF(OR($N77=1,$F77="معتذر",$F77="غائب"),IF(ISNUMBER($G77),$G77,IF($N77=1,"",0)),"") -> 0 | P77: =IF(ISNUMBER($O77),1,0) -> 1
A78: 2 | B78: =IFERROR(INDEX(الطلاب!$C$5:$C$44,MATCH($D78,الطلاب!$A$5:$A$44,0)),"") -> المقرأة الثانية | C78: =IFERROR(INDEX(الطلاب!$D$5:$D$44,MATCH($D78,الطلاب!$A$5:$A$44,0)),"") -> ابي بن مالك | D78: 34 | E78: =IFERROR(INDEX(الطلاب!$B$5:$B$44,MATCH($D78,الطلاب!$A$5:$A$44,0)),"") -> عدي الفريح | F78: حاضر | G78: 76 | H78: 5 | I78: 20 | L78: =IF(AND($A78='أفضل 5 طلاب'!$C$3,$B78=الإعدادات!$C$8,$N78=1,ISNUMBER($G78)),$G78*100000+N($H78)*100+N($I78)+(1000-ROW())/10000,0) -> 0 | M78: =IF(AND($A78='أفضل 5 طلاب'!$C$3,$B78=الإعدادات!$C$9,$N78=1,ISNUMBER($G78)),$G78*100000+N($H78)*100+N($I78)+(1000-ROW())/10000,0) -> 7600520.1 | N78: =IF(OR($F78="حاضر",$F78="متأخر"),1,0) -> 1 | O78: =IF(OR($N78=1,$F78="معتذر",$F78="غائب"),IF(ISNUMBER($G78),$G78,IF($N78=1,"",0)),"") -> 76 | P78: =IF(ISNUMBER($O78),1,0) -> 1
A79: 2 | B79: =IFERROR(INDEX(الطلاب!$C$5:$C$44,MATCH($D79,الطلاب!$A$5:$A$44,0)),"") -> المقرأة الثانية | C79: =IFERROR(INDEX(الطلاب!$D$5:$D$44,MATCH($D79,الطلاب!$A$5:$A$44,0)),"") -> ابي بن مالك | D79: 35 | E79: =IFERROR(INDEX(الطلاب!$B$5:$B$44,MATCH($D79,الطلاب!$A$5:$A$44,0)),"") -> عبدالله الفايزي | F79: حاضر | G79: 84 | H79: 2 | I79: 20 | L79: =IF(AND($A79='أفضل 5 طلاب'!$C$3,$B79=الإعدادات!$C$8,$N79=1,ISNUMBER($G79)),$G79*100000+N($H79)*100+N($I79)+(1000-ROW())/10000,0) -> 0 | M79: =IF(AND($A79='أفضل 5 طلاب'!$C$3,$B79=الإعدادات!$C$9,$N79=1,ISNUMBER($G79)),$G79*100000+N($H79)*100+N($I79)+(1000-ROW())/10000,0) -> 8400220.1 | N79: =IF(OR($F79="حاضر",$F79="متأخر"),1,0) -> 1 | O79: =IF(OR($N79=1,$F79="معتذر",$F79="غائب"),IF(ISNUMBER($G79),$G79,IF($N79=1,"",0)),"") -> 84 | P79: =IF(ISNUMBER($O79),1,0) -> 1
A80: 2 | B80: =IFERROR(INDEX(الطلاب!$C$5:$C$44,MATCH($D80,الطلاب!$A$5:$A$44,0)),"") -> 0 | C80: =IFERROR(INDEX(الطلاب!$D$5:$D$44,MATCH($D80,الطلاب!$A$5:$A$44,0)),"") -> 0 | D80: 36 | E80: =IFERROR(INDEX(الطلاب!$B$5:$B$44,MATCH($D80,الطلاب!$A$5:$A$44,0)),"") -> عزام الحسن | F80: حاضر | G80: 97 | H80: 0 | I80: 23 | L80: =IF(AND($A80='أفضل 5 طلاب'!$C$3,$B80=الإعدادات!$C$8,$N80=1,ISNUMBER($G80)),$G80*100000+N($H80)*100+N($I80)+(1000-ROW())/10000,0) -> 0 | M80: =IF(AND($A80='أفضل 5 طلاب'!$C$3,$B80=الإعدادات!$C$9,$N80=1,ISNUMBER($G80)),$G80*100000+N($H80)*100+N($I80)+(1000-ROW())/10000,0) -> 0 | N80: =IF(OR($F80="حاضر",$F80="متأخر"),1,0) -> 1 | O80: =IF(OR($N80=1,$F80="معتذر",$F80="غائب"),IF(ISNUMBER($G80),$G80,IF($N80=1,"",0)),"") -> 97 | P80: =IF(ISNUMBER($O80),1,0) -> 1
A81: 2 | B81: =IFERROR(INDEX(الطلاب!$C$5:$C$44,MATCH($D81,الطلاب!$A$5:$A$44,0)),"") -> المقرأة الأولى | C81: =IFERROR(INDEX(الطلاب!$D$5:$D$44,MATCH($D81,الطلاب!$A$5:$A$44,0)),"") -> عبدالرحمن بن النعمان | D81: 37 | E81: =IFERROR(INDEX(الطلاب!$B$5:$B$44,MATCH($D81,الطلاب!$A$5:$A$44,0)),"") -> أسامة السعوي | F81: حاضر | G81: 82 | H81: 2 | I81: 20 | L81: =IF(AND($A81='أفضل 5 طلاب'!$C$3,$B81=الإعدادات!$C$8,$N81=1,ISNUMBER($G81)),$G81*100000+N($H81)*100+N($I81)+(1000-ROW())/10000,0) -> 8200220.1 | M81: =IF(AND($A81='أفضل 5 طلاب'!$C$3,$B81=الإعدادات!$C$9,$N81=1,ISNUMBER($G81)),$G81*100000+N($H81)*100+N($I81)+(1000-ROW())/10000,0) -> 0 | N81: =IF(OR($F81="حاضر",$F81="متأخر"),1,0) -> 1 | O81: =IF(OR($N81=1,$F81="معتذر",$F81="غائب"),IF(ISNUMBER($G81),$G81,IF($N81=1,"",0)),"") -> 82 | P81: =IF(ISNUMBER($O81),1,0) -> 1
A82: 2 | B82: =IFERROR(INDEX(الطلاب!$C$5:$C$44,MATCH($D82,الطلاب!$A$5:$A$44,0)),"") -> المقرأة الأولى | C82: =IFERROR(INDEX(الطلاب!$D$5:$D$44,MATCH($D82,الطلاب!$A$5:$A$44,0)),"") -> حسان بن ثابت | D82: 38 | E82: =IFERROR(INDEX(الطلاب!$B$5:$B$44,MATCH($D82,الطلاب!$A$5:$A$44,0)),"") -> عاصم الضالع | F82: حاضر | G82: 82 | H82: 9 | I82: 20 | L82: =IF(AND($A82='أفضل 5 طلاب'!$C$3,$B82=الإعدادات!$C$8,$N82=1,ISNUMBER($G82)),$G82*100000+N($H82)*100+N($I82)+(1000-ROW())/10000,0) -> 8200920.1 | M82: =IF(AND($A82='أفضل 5 طلاب'!$C$3,$B82=الإعدادات!$C$9,$N82=1,ISNUMBER($G82)),$G82*100000+N($H82)*100+N($I82)+(1000-ROW())/10000,0) -> 0 | N82: =IF(OR($F82="حاضر",$F82="متأخر"),1,0) -> 1 | O82: =IF(OR($N82=1,$F82="معتذر",$F82="غائب"),IF(ISNUMBER($G82),$G82,IF($N82=1,"",0)),"") -> 82 | P82: =IF(ISNUMBER($O82),1,0) -> 1
A83: 2 | B83: =IFERROR(INDEX(الطلاب!$C$5:$C$44,MATCH($D83,الطلاب!$A$5:$A$44,0)),"") -> 0 | C83: =IFERROR(INDEX(الطلاب!$D$5:$D$44,MATCH($D83,الطلاب!$A$5:$A$44,0)),"") -> 0 | D83: 39 | E83: =IFERROR(INDEX(الطلاب!$B$5:$B$44,MATCH($D83,الطلاب!$A$5:$A$44,0)),"") -> 0 | L83: =IF(AND($A83='أفضل 5 طلاب'!$C$3,$B83=الإعدادات!$C$8,$N83=1,ISNUMBER($G83)),$G83*100000+N($H83)*100+N($I83)+(1000-ROW())/10000,0) -> 0 | M83: =IF(AND($A83='أفضل 5 طلاب'!$C$3,$B83=الإعدادات!$C$9,$N83=1,ISNUMBER($G83)),$G83*100000+N($H83)*100+N($I83)+(1000-ROW())/10000,0) -> 0 | N83: =IF(OR($F83="حاضر",$F83="متأخر"),1,0) -> 0 | O83: =IF(OR($N83=1,$F83="معتذر",$F83="غائب"),IF(ISNUMBER($G83),$G83,IF($N83=1,"",0)),"") | P83: =IF(ISNUMBER($O83),1,0) -> 0
A84: 2 | B84: =IFERROR(INDEX(الطلاب!$C$5:$C$44,MATCH($D84,الطلاب!$A$5:$A$44,0)),"") -> 0 | C84: =IFERROR(INDEX(الطلاب!$D$5:$D$44,MATCH($D84,الطلاب!$A$5:$A$44,0)),"") -> 0 | D84: 40 | E84: =IFERROR(INDEX(الطلاب!$B$5:$B$44,MATCH($D84,الطلاب!$A$5:$A$44,0)),"") -> 0 | L84: =IF(AND($A84='أفضل 5 طلاب'!$C$3,$B84=الإعدادات!$C$8,$N84=1,ISNUMBER($G84)),$G84*100000+N($H84)*100+N($I84)+(1000-ROW())/10000,0) -> 0 | M84: =IF(AND($A84='أفضل 5 طلاب'!$C$3,$B84=الإعدادات!$C$9,$N84=1,ISNUMBER($G84)),$G84*100000+N($H84)*100+N($I84)+(1000-ROW())/10000,0) -> 0 | N84: =IF(OR($F84="حاضر",$F84="متأخر"),1,0) -> 0 | O84: =IF(OR($N84=1,$F84="معتذر",$F84="غائب"),IF(ISNUMBER($G84),$G84,IF($N84=1,"",0)),"") | P84: =IF(ISNUMBER($O84),1,0) -> 0
A85: 3 | B85: =IFERROR(INDEX(الطلاب!$C$5:$C$44,MATCH($D85,الطلاب!$A$5:$A$44,0)),"") -> المقرأة الأولى | C85: =IFERROR(INDEX(الطلاب!$D$5:$D$44,MATCH($D85,الطلاب!$A$5:$A$44,0)),"") -> عبدالرحمن بن النعمان | D85: 1 | E85: =IFERROR(INDEX(الطلاب!$B$5:$B$44,MATCH($D85,الطلاب!$A$5:$A$44,0)),"") -> غسان اليحيى | L85: =IF(AND($A85='أفضل 5 طلاب'!$C$3,$B85=الإعدادات!$C$8,$N85=1,ISNUMBER($G85)),$G85*100000+N($H85)*100+N($I85)+(1000-ROW())/10000,0) -> 0 | M85: =IF(AND($A85='أفضل 5 طلاب'!$C$3,$B85=الإعدادات!$C$9,$N85=1,ISNUMBER($G85)),$G85*100000+N($H85)*100+N($I85)+(1000-ROW())/10000,0) -> 0 | N85: =IF(OR($F85="حاضر",$F85="متأخر"),1,0) -> 0 | O85: =IF(OR($N85=1,$F85="معتذر",$F85="غائب"),IF(ISNUMBER($G85),$G85,IF($N85=1,"",0)),"") | P85: =IF(ISNUMBER($O85),1,0) -> 0
A86: 3 | B86: =IFERROR(INDEX(الطلاب!$C$5:$C$44,MATCH($D86,الطلاب!$A$5:$A$44,0)),"") -> المقرأة الأولى | C86: =IFERROR(INDEX(الطلاب!$D$5:$D$44,MATCH($D86,الطلاب!$A$5:$A$44,0)),"") -> عبدالرحمن بن النعمان | D86: 2 | E86: =IFERROR(INDEX(الطلاب!$B$5:$B$44,MATCH($D86,الطلاب!$A$5:$A$44,0)),"") -> صالح الشريف | L86: =IF(AND($A86='أفضل 5 طلاب'!$C$3,$B86=الإعدادات!$C$8,$N86=1,ISNUMBER($G86)),$G86*100000+N($H86)*100+N($I86)+(1000-ROW())/10000,0) -> 0 | M86: =IF(AND($A86='أفضل 5 طلاب'!$C$3,$B86=الإعدادات!$C$9,$N86=1,ISNUMBER($G86)),$G86*100000+N($H86)*100+N($I86)+(1000-ROW())/10000,0) -> 0 | N86: =IF(OR($F86="حاضر",$F86="متأخر"),1,0) -> 0 | O86: =IF(OR($N86=1,$F86="معتذر",$F86="غائب"),IF(ISNUMBER($G86),$G86,IF($N86=1,"",0)),"") | P86: =IF(ISNUMBER($O86),1,0) -> 0
A87: 3 | B87: =IFERROR(INDEX(الطلاب!$C$5:$C$44,MATCH($D87,الطلاب!$A$5:$A$44,0)),"") -> المقرأة الأولى | C87: =IFERROR(INDEX(الطلاب!$D$5:$D$44,MATCH($D87,الطلاب!$A$5:$A$44,0)),"") -> عبدالرحمن بن النعمان | D87: 3 | E87: =IFERROR(INDEX(الطلاب!$B$5:$B$44,MATCH($D87,الطلاب!$A$5:$A$44,0)),"") -> فهد المشيقح | L87: =IF(AND($A87='أفضل 5 طلاب'!$C$3,$B87=الإعدادات!$C$8,$N87=1,ISNUMBER($G87)),$G87*100000+N($H87)*100+N($I87)+(1000-ROW())/10000,0) -> 0 | M87: =IF(AND($A87='أفضل 5 طلاب'!$C$3,$B87=الإعدادات!$C$9,$N87=1,ISNUMBER($G87)),$G87*100000+N($H87)*100+N($I87)+(1000-ROW())/10000,0) -> 0 | N87: =IF(OR($F87="حاضر",$F87="متأخر"),1,0) -> 0 | O87: =IF(OR($N87=1,$F87="معتذر",$F87="غائب"),IF(ISNUMBER($G87),$G87,IF($N87=1,"",0)),"") | P87: =IF(ISNUMBER($O87),1,0) -> 0
A88: 3 | B88: =IFERROR(INDEX(الطلاب!$C$5:$C$44,MATCH($D88,الطلاب!$A$5:$A$44,0)),"") -> المقرأة الأولى | C88: =IFERROR(INDEX(الطلاب!$D$5:$D$44,MATCH($D88,الطلاب!$A$5:$A$44,0)),"") -> عبدالرحمن بن النعمان | D88: 4 | E88: =IFERROR(INDEX(الطلاب!$B$5:$B$44,MATCH($D88,الطلاب!$A$5:$A$44,0)),"") -> عبدالله الحفير | L88: =IF(AND($A88='أفضل 5 طلاب'!$C$3,$B88=الإعدادات!$C$8,$N88=1,ISNUMBER($G88)),$G88*100000+N($H88)*100+N($I88)+(1000-ROW())/10000,0) -> 0 | M88: =IF(AND($A88='أفضل 5 طلاب'!$C$3,$B88=الإعدادات!$C$9,$N88=1,ISNUMBER($G88)),$G88*100000+N($H88)*100+N($I88)+(1000-ROW())/10000,0) -> 0 | N88: =IF(OR($F88="حاضر",$F88="متأخر"),1,0) -> 0 | O88: =IF(OR($N88=1,$F88="معتذر",$F88="غائب"),IF(ISNUMBER($G88),$G88,IF($N88=1,"",0)),"") | P88: =IF(ISNUMBER($O88),1,0) -> 0
A89: 3 | B89: =IFERROR(INDEX(الطلاب!$C$5:$C$44,MATCH($D89,الطلاب!$A$5:$A$44,0)),"") -> المقرأة الأولى | C89: =IFERROR(INDEX(الطلاب!$D$5:$D$44,MATCH($D89,الطلاب!$A$5:$A$44,0)),"") -> عبدالرحمن بن النعمان | D89: 5 | E89: =IFERROR(INDEX(الطلاب!$B$5:$B$44,MATCH($D89,الطلاب!$A$5:$A$44,0)),"") -> زياد الدخيل الله | L89: =IF(AND($A89='أفضل 5 طلاب'!$C$3,$B89=الإعدادات!$C$8,$N89=1,ISNUMBER($G89)),$G89*100000+N($H89)*100+N($I89)+(1000-ROW())/10000,0) -> 0 | M89: =IF(AND($A89='أفضل 5 طلاب'!$C$3,$B89=الإعدادات!$C$9,$N89=1,ISNUMBER($G89)),$G89*100000+N($H89)*100+N($I89)+(1000-ROW())/10000,0) -> 0 | N89: =IF(OR($F89="حاضر",$F89="متأخر"),1,0) -> 0 | O89: =IF(OR($N89=1,$F89="معتذر",$F89="غائب"),IF(ISNUMBER($G89),$G89,IF($N89=1,"",0)),"") | P89: =IF(ISNUMBER($O89),1,0) -> 0
A90: 3 | B90: =IFERROR(INDEX(الطلاب!$C$5:$C$44,MATCH($D90,الطلاب!$A$5:$A$44,0)),"") -> المقرأة الأولى | C90: =IFERROR(INDEX(الطلاب!$D$5:$D$44,MATCH($D90,الطلاب!$A$5:$A$44,0)),"") -> ابن رجب | D90: 6 | E90: =IFERROR(INDEX(الطلاب!$B$5:$B$44,MATCH($D90,الطلاب!$A$5:$A$44,0)),"") -> عاصم الضبيعي | L90: =IF(AND($A90='أفضل 5 طلاب'!$C$3,$B90=الإعدادات!$C$8,$N90=1,ISNUMBER($G90)),$G90*100000+N($H90)*100+N($I90)+(1000-ROW())/10000,0) -> 0 | M90: =IF(AND($A90='أفضل 5 طلاب'!$C$3,$B90=الإعدادات!$C$9,$N90=1,ISNUMBER($G90)),$G90*100000+N($H90)*100+N($I90)+(1000-ROW())/10000,0) -> 0 | N90: =IF(OR($F90="حاضر",$F90="متأخر"),1,0) -> 0 | O90: =IF(OR($N90=1,$F90="معتذر",$F90="غائب"),IF(ISNUMBER($G90),$G90,IF($N90=1,"",0)),"") | P90: =IF(ISNUMBER($O90),1,0) -> 0
A91: 3 | B91: =IFERROR(INDEX(الطلاب!$C$5:$C$44,MATCH($D91,الطلاب!$A$5:$A$44,0)),"") -> المقرأة الأولى | C91: =IFERROR(INDEX(الطلاب!$D$5:$D$44,MATCH($D91,الطلاب!$A$5:$A$44,0)),"") -> ابن رجب | D91: 7 | E91: =IFERROR(INDEX(الطلاب!$B$5:$B$44,MATCH($D91,الطلاب!$A$5:$A$44,0)),"") -> محمد السعوي | L91: =IF(AND($A91='أفضل 5 طلاب'!$C$3,$B91=الإعدادات!$C$8,$N91=1,ISNUMBER($G91)),$G91*100000+N($H91)*100+N($I91)+(1000-ROW())/10000,0) -> 0 | M91: =IF(AND($A91='أفضل 5 طلاب'!$C$3,$B91=الإعدادات!$C$9,$N91=1,ISNUMBER($G91)),$G91*100000+N($H91)*100+N($I91)+(1000-ROW())/10000,0) -> 0 | N91: =IF(OR($F91="حاضر",$F91="متأخر"),1,0) -> 0 | O91: =IF(OR($N91=1,$F91="معتذر",$F91="غائب"),IF(ISNUMBER($G91),$G91,IF($N91=1,"",0)),"") | P91: =IF(ISNUMBER($O91),1,0) -> 0
A92: 3 | B92: =IFERROR(INDEX(الطلاب!$C$5:$C$44,MATCH($D92,الطلاب!$A$5:$A$44,0)),"") -> المقرأة الأولى | C92: =IFERROR(INDEX(الطلاب!$D$5:$D$44,MATCH($D92,الطلاب!$A$5:$A$44,0)),"") -> ابن رجب | D92: 8 | E92: =IFERROR(INDEX(الطلاب!$B$5:$B$44,MATCH($D92,الطلاب!$A$5:$A$44,0)),"") -> هشام المخلف | L92: =IF(AND($A92='أفضل 5 طلاب'!$C$3,$B92=الإعدادات!$C$8,$N92=1,ISNUMBER($G92)),$G92*100000+N($H92)*100+N($I92)+(1000-ROW())/10000,0) -> 0 | M92: =IF(AND($A92='أفضل 5 طلاب'!$C$3,$B92=الإعدادات!$C$9,$N92=1,ISNUMBER($G92)),$G92*100000+N($H92)*100+N($I92)+(1000-ROW())/10000,0) -> 0 | N92: =IF(OR($F92="حاضر",$F92="متأخر"),1,0) -> 0 | O92: =IF(OR($N92=1,$F92="معتذر",$F92="غائب"),IF(ISNUMBER($G92),$G92,IF($N92=1,"",0)),"") | P92: =IF(ISNUMBER($O92),1,0) -> 0
A93: 3 | B93: =IFERROR(INDEX(الطلاب!$C$5:$C$44,MATCH($D93,الطلاب!$A$5:$A$44,0)),"") -> المقرأة الأولى | C93: =IFERROR(INDEX(الطلاب!$D$5:$D$44,MATCH($D93,الطلاب!$A$5:$A$44,0)),"") -> ابن رجب | D93: 9 | E93: =IFERROR(INDEX(الطلاب!$B$5:$B$44,MATCH($D93,الطلاب!$A$5:$A$44,0)),"") -> اسامة السعدون | L93: =IF(AND($A93='أفضل 5 طلاب'!$C$3,$B93=الإعدادات!$C$8,$N93=1,ISNUMBER($G93)),$G93*100000+N($H93)*100+N($I93)+(1000-ROW())/10000,0) -> 0 | M93: =IF(AND($A93='أفضل 5 طلاب'!$C$3,$B93=الإعدادات!$C$9,$N93=1,ISNUMBER($G93)),$G93*100000+N($H93)*100+N($I93)+(1000-ROW())/10000,0) -> 0 | N93: =IF(OR($F93="حاضر",$F93="متأخر"),1,0) -> 0 | O93: =IF(OR($N93=1,$F93="معتذر",$F93="غائب"),IF(ISNUMBER($G93),$G93,IF($N93=1,"",0)),"") | P93: =IF(ISNUMBER($O93),1,0) -> 0
A94: 3 | B94: =IFERROR(INDEX(الطلاب!$C$5:$C$44,MATCH($D94,الطلاب!$A$5:$A$44,0)),"") -> المقرأة الأولى | C94: =IFERROR(INDEX(الطلاب!$D$5:$D$44,MATCH($D94,الطلاب!$A$5:$A$44,0)),"") -> حسان بن ثابت | D94: 10 | E94: =IFERROR(INDEX(الطلاب!$B$5:$B$44,MATCH($D94,الطلاب!$A$5:$A$44,0)),"") -> محمد الثنيان | L94: =IF(AND($A94='أفضل 5 طلاب'!$C$3,$B94=الإعدادات!$C$8,$N94=1,ISNUMBER($G94)),$G94*100000+N($H94)*100+N($I94)+(1000-ROW())/10000,0) -> 0 | M94: =IF(AND($A94='أفضل 5 طلاب'!$C$3,$B94=الإعدادات!$C$9,$N94=1,ISNUMBER($G94)),$G94*100000+N($H94)*100+N($I94)+(1000-ROW())/10000,0) -> 0 | N94: =IF(OR($F94="حاضر",$F94="متأخر"),1,0) -> 0 | O94: =IF(OR($N94=1,$F94="معتذر",$F94="غائب"),IF(ISNUMBER($G94),$G94,IF($N94=1,"",0)),"") | P94: =IF(ISNUMBER($O94),1,0) -> 0
... A644: 16 | B644: =IFERROR(INDEX(الطلاب!$C$5:$C$44,MATCH($D644,الطلاب!$A$5:$A$44,0)),"") -> 0 | C644: =IFERROR(INDEX(الطلاب!$D$5:$D$44,MATCH($D644,الطلاب!$A$5:$A$44,0)),"") -> 0 | D644: 40 | E644: =IFERROR(INDEX(الطلاب!$B$5:$B$44,MATCH($D644,الطلاب!$A$5:$A$44,0)),"") -> 0 | L644: =IF(AND($A644='أفضل 5 طلاب'!$C$3,$B644=الإعدادات!$C$8,$N644=1,ISNUMBER($G644)),$G644*100000+N($H644)*100+N($I644)+(1000-ROW())/10000,0) -> 0 | M644: =IF(AND($A644='أفضل 5 طلاب'!$C$3,$B644=الإعدادات!$C$9,$N644=1,ISNUMBER($G644)),$G644*100000+N($H644)*100+N($I644)+(1000-ROW())/10000,0) -> 0 | N644: =IF(OR($F644="حاضر",$F644="متأخر"),1,0) -> 0 | O644: =IF(OR($N644=1,$F644="معتذر",$F644="غائب"),IF(ISNUMBER($G644),$G644,IF($N644=1,"",0)),"") | P644: =IF(ISNUMBER($O644),1,0) -> 0

Sheet تقرير المقرأة 1
A1: ="تقرير "&الإعدادات!$C$8&" — نسبة إنجاز الطلاب أسبوعيًا" -> تقرير المقرأة الأولى — نسبة إنجاز الطلاب أسبوعيًا
B3: المقرأة: | C3: =الإعدادات!$C$8 -> المقرأة الأولى
A5: م | B5: اسم الطالب | C5: الحلقة | D5: 1 | E5: 2 | F5: 3 | G5: 4 | H5: 5 | I5: 6 | J5: 7 | K5: 8 | L5: 9 | M5: 10 | N5: 11 | O5: 12 | P5: 13 | Q5: 14 | R5: 15 | S5: 16 | T5: متوسط الإنجاز | U5: التقدير | V5: الحضور | W5: منها تأخر | X5: الغياب | Y5: الاعتذار | Z5: أوجه الحفظ | AA5: أوجه العرض | AB5: الأوجه المقروءة
A6: =IF($AC6="","",INDEX(الطلاب!$A$5:$A$44,$AC6)) -> 1 | B6: =IF($AC6="","",INDEX(الطلاب!$B$5:$B$44,$AC6)) -> غسان اليحيى | C6: =IF($AC6="","",INDEX(الطلاب!$D$5:$D$44,$AC6)) -> عبدالرحمن بن النعمان | D6: =IF($A6="","",IF(COUNTIFS(الإدخال!$A$5:$A$644,D$5,الإدخال!$D$5:$D$644,$A6,الإدخال!$F$5:$F$644,"غائب",الإدخال!$G$5:$G$644,"")>0,"غ",IF(COUNTIFS(الإدخال!$A$5:$A$644,D$5,الإدخال!$D$5:$D$644,$A6,الإدخال!$F$5:$F$644,"معتذر",الإدخال!$G$5:$G$644,"")>0,"ع",IF(SUMIFS(الإدخال!$P$5:$P$644,الإدخال!$A$5:$A$644,D$5,الإدخال!$D$5:$D$644,$A6)>0,SUMIFS(الإدخال!$O$5:$O$644,الإدخال!$A$5:$A$644,D$5,الإدخال!$D$5:$D$644,$A6)/100,"")))) -> 0.85 | E6: =IF($A6="","",IF(COUNTIFS(الإدخال!$A$5:$A$644,E$5,الإدخال!$D$5:$D$644,$A6,الإدخال!$F$5:$F$644,"غائب",الإدخال!$G$5:$G$644,"")>0,"غ",IF(COUNTIFS(الإدخال!$A$5:$A$644,E$5,الإدخال!$D$5:$D$644,$A6,الإدخال!$F$5:$F$644,"معتذر",الإدخال!$G$5:$G$644,"")>0,"ع",IF(SUMIFS(الإدخال!$P$5:$P$644,الإدخال!$A$5:$A$644,E$5,الإدخال!$D$5:$D$644,$A6)>0,SUMIFS(الإدخال!$O$5:$O$644,الإدخال!$A$5:$A$644,E$5,الإدخال!$D$5:$D$644,$A6)/100,"")))) -> 0.93 | F6: =IF($A6="","",IF(COUNTIFS(الإدخال!$A$5:$A$644,F$5,الإدخال!$D$5:$D$644,$A6,الإدخال!$F$5:$F$644,"غائب",الإدخال!$G$5:$G$644,"")>0,"غ",IF(COUNTIFS(الإدخال!$A$5:$A$644,F$5,الإدخال!$D$5:$D$644,$A6,الإدخال!$F$5:$F$644,"معتذر",الإدخال!$G$5:$G$644,"")>0,"ع",IF(SUMIFS(الإدخال!$P$5:$P$644,الإدخال!$A$5:$A$644,F$5,الإدخال!$D$5:$D$644,$A6)>0,SUMIFS(الإدخال!$O$5:$O$644,الإدخال!$A$5:$A$644,F$5,الإدخال!$D$5:$D$644,$A6)/100,"")))) | G6: =IF($A6="","",IF(COUNTIFS(الإدخال!$A$5:$A$644,G$5,الإدخال!$D$5:$D$644,$A6,الإدخال!$F$5:$F$644,"غائب",الإدخال!$G$5:$G$644,"")>0,"غ",IF(COUNTIFS(الإدخال!$A$5:$A$644,G$5,الإدخال!$D$5:$D$644,$A6,الإدخال!$F$5:$F$644,"معتذر",الإدخال!$G$5:$G$644,"")>0,"ع",IF(SUMIFS(الإدخال!$P$5:$P$644,الإدخال!$A$5:$A$644,G$5,الإدخال!$D$5:$D$644,$A6)>0,SUMIFS(الإدخال!$O$5:$O$644,الإدخال!$A$5:$A$644,G$5,الإدخال!$D$5:$D$644,$A6)/100,"")))) | H6: =IF($A6="","",IF(COUNTIFS(الإدخال!$A$5:$A$644,H$5,الإدخال!$D$5:$D$644,$A6,الإدخال!$F$5:$F$644,"غائب",الإدخال!$G$5:$G$644,"")>0,"غ",IF(COUNTIFS(الإدخال!$A$5:$A$644,H$5,الإدخال!$D$5:$D$644,$A6,الإدخال!$F$5:$F$644,"معتذر",الإدخال!$G$5:$G$644,"")>0,"ع",IF(SUMIFS(الإدخال!$P$5:$P$644,الإدخال!$A$5:$A$644,H$5,الإدخال!$D$5:$D$644,$A6)>0,SUMIFS(الإدخال!$O$5:$O$644,الإدخال!$A$5:$A$644,H$5,الإدخال!$D$5:$D$644,$A6)/100,"")))) | I6: =IF($A6="","",IF(COUNTIFS(الإدخال!$A$5:$A$644,I$5,الإدخال!$D$5:$D$644,$A6,الإدخال!$F$5:$F$644,"غائب",الإدخال!$G$5:$G$644,"")>0,"غ",IF(COUNTIFS(الإدخال!$A$5:$A$644,I$5,الإدخال!$D$5:$D$644,$A6,الإدخال!$F$5:$F$644,"معتذر",الإدخال!$G$5:$G$644,"")>0,"ع",IF(SUMIFS(الإدخال!$P$5:$P$644,الإدخال!$A$5:$A$644,I$5,الإدخال!$D$5:$D$644,$A6)>0,SUMIFS(الإدخال!$O$5:$O$644,الإدخال!$A$5:$A$644,I$5,الإدخال!$D$5:$D$644,$A6)/100,"")))) | J6: =IF($A6="","",IF(COUNTIFS(الإدخال!$A$5:$A$644,J$5,الإدخال!$D$5:$D$644,$A6,الإدخال!$F$5:$F$644,"غائب",الإدخال!$G$5:$G$644,"")>0,"غ",IF(COUNTIFS(الإدخال!$A$5:$A$644,J$5,الإدخال!$D$5:$D$644,$A6,الإدخال!$F$5:$F$644,"معتذر",الإدخال!$G$5:$G$644,"")>0,"ع",IF(SUMIFS(الإدخال!$P$5:$P$644,الإدخال!$A$5:$A$644,J$5,الإدخال!$D$5:$D$644,$A6)>0,SUMIFS(الإدخال!$O$5:$O$644,الإدخال!$A$5:$A$644,J$5,الإدخال!$D$5:$D$644,$A6)/100,"")))) | K6: =IF($A6="","",IF(COUNTIFS(الإدخال!$A$5:$A$644,K$5,الإدخال!$D$5:$D$644,$A6,الإدخال!$F$5:$F$644,"غائب",الإدخال!$G$5:$G$644,"")>0,"غ",IF(COUNTIFS(الإدخال!$A$5:$A$644,K$5,الإدخال!$D$5:$D$644,$A6,الإدخال!$F$5:$F$644,"معتذر",الإدخال!$G$5:$G$644,"")>0,"ع",IF(SUMIFS(الإدخال!$P$5:$P$644,الإدخال!$A$5:$A$644,K$5,الإدخال!$D$5:$D$644,$A6)>0,SUMIFS(الإدخال!$O$5:$O$644,الإدخال!$A$5:$A$644,K$5,الإدخال!$D$5:$D$644,$A6)/100,"")))) | ... S6: =IF($A6="","",IF(COUNTIFS(الإدخال!$A$5:$A$644,S$5,الإدخال!$D$5:$D$644,$A6,الإدخال!$F$5:$F$644,"غائب",الإدخال!$G$5:$G$644,"")>0,"غ",IF(COUNTIFS(الإدخال!$A$5:$A$644,S$5,الإدخال!$D$5:$D$644,$A6,الإدخال!$F$5:$F$644,"معتذر",الإدخال!$G$5:$G$644,"")>0,"ع",IF(SUMIFS(الإدخال!$P$5:$P$644,الإدخال!$A$5:$A$644,S$5,الإدخال!$D$5:$D$644,$A6)>0,SUMIFS(الإدخال!$O$5:$O$644,الإدخال!$A$5:$A$644,S$5,الإدخال!$D$5:$D$644,$A6)/100,"")))) | T6: =IF($A6="","",IFERROR(SUMIFS(الإدخال!$O$5:$O$644,الإدخال!$D$5:$D$644,$A6)/SUMIFS(الإدخال!$P$5:$P$644,الإدخال!$D$5:$D$644,$A6)/100,"")) -> 0.89 | U6: =IF(T6="","",IF(T6>=0.9,"ممتاز",IF(T6>=0.8,"جيد جدًا",IF(T6>=0.7,"جيد",IF(T6>=0.6,"مقبول","يحتاج متابعة"))))) -> جيد جدًا | V6: =IF($A6="","",SUMIFS(الإدخال!$N$5:$N$644,الإدخال!$D$5:$D$644,$A6)) -> 2 | W6: =IF($A6="","",COUNTIFS(الإدخال!$D$5:$D$644,$A6,الإدخال!$F$5:$F$644,"متأخر")) -> 0 | X6: =IF($A6="","",COUNTIFS(الإدخال!$D$5:$D$644,$A6,الإدخال!$F$5:$F$644,"غائب")) -> 0 | Y6: =IF($A6="","",COUNTIFS(الإدخال!$D$5:$D$644,$A6,الإدخال!$F$5:$F$644,"معتذر")) -> 0 | Z6: =IF($A6="","",SUMIFS(الإدخال!$H$5:$H$644,الإدخال!$D$5:$D$644,$A6,الإدخال!$N$5:$N$644,1)) -> 7 | AA6: =IF($A6="","",SUMIFS(الإدخال!$I$5:$I$644,الإدخال!$D$5:$D$644,$A6,الإدخال!$N$5:$N$644,1)) -> 40 | AB6: =IF($A6="","",SUMIFS(الإدخال!$J$5:$J$644,الإدخال!$D$5:$D$644,$A6,الإدخال!$N$5:$N$644,1)) -> 0 | AC6: =IFERROR(MATCH($C$3&"|1",الطلاب!$E$5:$E$44,0),"") -> 1
A7: =IF($AC7="","",INDEX(الطلاب!$A$5:$A$44,$AC7)) -> 2 | B7: =IF($AC7="","",INDEX(الطلاب!$B$5:$B$44,$AC7)) -> صالح الشريف | C7: =IF($AC7="","",INDEX(الطلاب!$D$5:$D$44,$AC7)) -> عبدالرحمن بن النعمان | D7: =IF($A7="","",IF(COUNTIFS(الإدخال!$A$5:$A$644,D$5,الإدخال!$D$5:$D$644,$A7,الإدخال!$F$5:$F$644,"غائب",الإدخال!$G$5:$G$644,"")>0,"غ",IF(COUNTIFS(الإدخال!$A$5:$A$644,D$5,الإدخال!$D$5:$D$644,$A7,الإدخال!$F$5:$F$644,"معتذر",الإدخال!$G$5:$G$644,"")>0,"ع",IF(SUMIFS(الإدخال!$P$5:$P$644,الإدخال!$A$5:$A$644,D$5,الإدخال!$D$5:$D$644,$A7)>0,SUMIFS(الإدخال!$O$5:$O$644,الإدخال!$A$5:$A$644,D$5,الإدخال!$D$5:$D$644,$A7)/100,"")))) -> 0.5 | E7: =IF($A7="","",IF(COUNTIFS(الإدخال!$A$5:$A$644,E$5,الإدخال!$D$5:$D$644,$A7,الإدخال!$F$5:$F$644,"غائب",الإدخال!$G$5:$G$644,"")>0,"غ",IF(COUNTIFS(الإدخال!$A$5:$A$644,E$5,الإدخال!$D$5:$D$644,$A7,الإدخال!$F$5:$F$644,"معتذر",الإدخال!$G$5:$G$644,"")>0,"ع",IF(SUMIFS(الإدخال!$P$5:$P$644,الإدخال!$A$5:$A$644,E$5,الإدخال!$D$5:$D$644,$A7)>0,SUMIFS(الإدخال!$O$5:$O$644,الإدخال!$A$5:$A$644,E$5,الإدخال!$D$5:$D$644,$A7)/100,"")))) -> 0.87 | F7: =IF($A7="","",IF(COUNTIFS(الإدخال!$A$5:$A$644,F$5,الإدخال!$D$5:$D$644,$A7,الإدخال!$F$5:$F$644,"غائب",الإدخال!$G$5:$G$644,"")>0,"غ",IF(COUNTIFS(الإدخال!$A$5:$A$644,F$5,الإدخال!$D$5:$D$644,$A7,الإدخال!$F$5:$F$644,"معتذر",الإدخال!$G$5:$G$644,"")>0,"ع",IF(SUMIFS(الإدخال!$P$5:$P$644,الإدخال!$A$5:$A$644,F$5,الإدخال!$D$5:$D$644,$A7)>0,SUMIFS(الإدخال!$O$5:$O$644,الإدخال!$A$5:$A$644,F$5,الإدخال!$D$5:$D$644,$A7)/100,"")))) | G7: =IF($A7="","",IF(COUNTIFS(الإدخال!$A$5:$A$644,G$5,الإدخال!$D$5:$D$644,$A7,الإدخال!$F$5:$F$644,"غائب",الإدخال!$G$5:$G$644,"")>0,"غ",IF(COUNTIFS(الإدخال!$A$5:$A$644,G$5,الإدخال!$D$5:$D$644,$A7,الإدخال!$F$5:$F$644,"معتذر",الإدخال!$G$5:$G$644,"")>0,"ع",IF(SUMIFS(الإدخال!$P$5:$P$644,الإدخال!$A$5:$A$644,G$5,الإدخال!$D$5:$D$644,$A7)>0,SUMIFS(الإدخال!$O$5:$O$644,الإدخال!$A$5:$A$644,G$5,الإدخال!$D$5:$D$644,$A7)/100,"")))) | H7: =IF($A7="","",IF(COUNTIFS(الإدخال!$A$5:$A$644,H$5,الإدخال!$D$5:$D$644,$A7,الإدخال!$F$5:$F$644,"غائب",الإدخال!$G$5:$G$644,"")>0,"غ",IF(COUNTIFS(الإدخال!$A$5:$A$644,H$5,الإدخال!$D$5:$D$644,$A7,الإدخال!$F$5:$F$644,"معتذر",الإدخال!$G$5:$G$644,"")>0,"ع",IF(SUMIFS(الإدخال!$P$5:$P$644,الإدخال!$A$5:$A$644,H$5,الإدخال!$D$5:$D$644,$A7)>0,SUMIFS(الإدخال!$O$5:$O$644,الإدخال!$A$5:$A$644,H$5,الإدخال!$D$5:$D$644,$A7)/100,"")))) | I7: =IF($A7="","",IF(COUNTIFS(الإدخال!$A$5:$A$644,I$5,الإدخال!$D$5:$D$644,$A7,الإدخال!$F$5:$F$644,"غائب",الإدخال!$G$5:$G$644,"")>0,"غ",IF(COUNTIFS(الإدخال!$A$5:$A$644,I$5,الإدخال!$D$5:$D$644,$A7,الإدخال!$F$5:$F$644,"معتذر",الإدخال!$G$5:$G$644,"")>0,"ع",IF(SUMIFS(الإدخال!$P$5:$P$644,الإدخال!$A$5:$A$644,I$5,الإدخال!$D$5:$D$644,$A7)>0,SUMIFS(الإدخال!$O$5:$O$644,الإدخال!$A$5:$A$644,I$5,الإدخال!$D$5:$D$644,$A7)/100,"")))) | J7: =IF($A7="","",IF(COUNTIFS(الإدخال!$A$5:$A$644,J$5,الإدخال!$D$5:$D$644,$A7,الإدخال!$F$5:$F$644,"غائب",الإدخال!$G$5:$G$644,"")>0,"غ",IF(COUNTIFS(الإدخال!$A$5:$A$644,J$5,الإدخال!$D$5:$D$644,$A7,الإدخال!$F$5:$F$644,"معتذر",الإدخال!$G$5:$G$644,"")>0,"ع",IF(SUMIFS(الإدخال!$P$5:$P$644,الإدخال!$A$5:$A$644,J$5,الإدخال!$D$5:$D$644,$A7)>0,SUMIFS(الإدخال!$O$5:$O$644,الإدخال!$A$5:$A$644,J$5,الإدخال!$D$5:$D$644,$A7)/100,"")))) | K7: =IF($A7="","",IF(COUNTIFS(الإدخال!$A$5:$A$644,K$5,الإدخال!$D$5:$D$644,$A7,الإدخال!$F$5:$F$644,"غائب",الإدخال!$G$5:$G$644,"")>0,"غ",IF(COUNTIFS(الإدخال!$A$5:$A$644,K$5,الإدخال!$D$5:$D$644,$A7,الإدخال!$F$5:$F$644,"معتذر",الإدخال!$G$5:$G$644,"")>0,"ع",IF(SUMIFS(الإدخال!$P$5:$P$644,الإدخال!$A$5:$A$644,K$5,الإدخال!$D$5:$D$644,$A7)>0,SUMIFS(الإدخال!$O$5:$O$644,الإدخال!$A$5:$A$644,K$5,الإدخال!$D$5:$D$644,$A7)/100,"")))) | ... S7: =IF($A7="","",IF(COUNTIFS(الإدخال!$A$5:$A$644,S$5,الإدخال!$D$5:$D$644,$A7,الإدخال!$F$5:$F$644,"غائب",الإدخال!$G$5:$G$644,"")>0,"غ",IF(COUNTIFS(الإدخال!$A$5:$A$644,S$5,الإدخال!$D$5:$D$644,$A7,الإدخال!$F$5:$F$644,"معتذر",الإدخال!$G$5:$G$644,"")>0,"ع",IF(SUMIFS(الإدخال!$P$5:$P$644,الإدخال!$A$5:$A$644,S$5,الإدخال!$D$5:$D$644,$A7)>0,SUMIFS(الإدخال!$O$5:$O$644,الإدخال!$A$5:$A$644,S$5,الإدخال!$D$5:$D$644,$A7)/100,"")))) | T7: =IF($A7="","",IFERROR(SUMIFS(الإدخال!$O$5:$O$644,الإدخال!$D$5:$D$644,$A7)/SUMIFS(الإدخال!$P$5:$P$644,الإدخال!$D$5:$D$644,$A7)/100,"")) -> 0.685 | U7: =IF(T7="","",IF(T7>=0.9,"ممتاز",IF(T7>=0.8,"جيد جدًا",IF(T7>=0.7,"جيد",IF(T7>=0.6,"مقبول","يحتاج متابعة"))))) -> مقبول | V7: =IF($A7="","",SUMIFS(الإدخال!$N$5:$N$644,الإدخال!$D$5:$D$644,$A7)) -> 2 | W7: =IF($A7="","",COUNTIFS(الإدخال!$D$5:$D$644,$A7,الإدخال!$F$5:$F$644,"متأخر")) -> 0 | X7: =IF($A7="","",COUNTIFS(الإدخال!$D$5:$D$644,$A7,الإدخال!$F$5:$F$644,"غائب")) -> 0 | Y7: =IF($A7="","",COUNTIFS(الإدخال!$D$5:$D$644,$A7,الإدخال!$F$5:$F$644,"معتذر")) -> 0 | Z7: =IF($A7="","",SUMIFS(الإدخال!$H$5:$H$644,الإدخال!$D$5:$D$644,$A7,الإدخال!$N$5:$N$644,1)) -> 1 | AA7: =IF($A7="","",SUMIFS(الإدخال!$I$5:$I$644,الإدخال!$D$5:$D$644,$A7,الإدخال!$N$5:$N$644,1)) -> 30 | AB7: =IF($A7="","",SUMIFS(الإدخال!$J$5:$J$644,الإدخال!$D$5:$D$644,$A7,الإدخال!$N$5:$N$644,1)) -> 0 | AC7: =IFERROR(MATCH($C$3&"|2",الطلاب!$E$5:$E$44,0),"") -> 2
A8: =IF($AC8="","",INDEX(الطلاب!$A$5:$A$44,$AC8)) -> 3 | B8: =IF($AC8="","",INDEX(الطلاب!$B$5:$B$44,$AC8)) -> فهد المشيقح | C8: =IF($AC8="","",INDEX(الطلاب!$D$5:$D$44,$AC8)) -> عبدالرحمن بن النعمان | D8: =IF($A8="","",IF(COUNTIFS(الإدخال!$A$5:$A$644,D$5,الإدخال!$D$5:$D$644,$A8,الإدخال!$F$5:$F$644,"غائب",الإدخال!$G$5:$G$644,"")>0,"غ",IF(COUNTIFS(الإدخال!$A$5:$A$644,D$5,الإدخال!$D$5:$D$644,$A8,الإدخال!$F$5:$F$644,"معتذر",الإدخال!$G$5:$G$644,"")>0,"ع",IF(SUMIFS(الإدخال!$P$5:$P$644,الإدخال!$A$5:$A$644,D$5,الإدخال!$D$5:$D$644,$A8)>0,SUMIFS(الإدخال!$O$5:$O$644,الإدخال!$A$5:$A$644,D$5,الإدخال!$D$5:$D$644,$A8)/100,"")))) -> 0.95 | E8: =IF($A8="","",IF(COUNTIFS(الإدخال!$A$5:$A$644,E$5,الإدخال!$D$5:$D$644,$A8,الإدخال!$F$5:$F$644,"غائب",الإدخال!$G$5:$G$644,"")>0,"غ",IF(COUNTIFS(الإدخال!$A$5:$A$644,E$5,الإدخال!$D$5:$D$644,$A8,الإدخال!$F$5:$F$644,"معتذر",الإدخال!$G$5:$G$644,"")>0,"ع",IF(SUMIFS(الإدخال!$P$5:$P$644,الإدخال!$A$5:$A$644,E$5,الإدخال!$D$5:$D$644,$A8)>0,SUMIFS(الإدخال!$O$5:$O$644,الإدخال!$A$5:$A$644,E$5,الإدخال!$D$5:$D$644,$A8)/100,"")))) -> 0.99 | F8: =IF($A8="","",IF(COUNTIFS(الإدخال!$A$5:$A$644,F$5,الإدخال!$D$5:$D$644,$A8,الإدخال!$F$5:$F$644,"غائب",الإدخال!$G$5:$G$644,"")>0,"غ",IF(COUNTIFS(الإدخال!$A$5:$A$644,F$5,الإدخال!$D$5:$D$644,$A8,الإدخال!$F$5:$F$644,"معتذر",الإدخال!$G$5:$G$644,"")>0,"ع",IF(SUMIFS(الإدخال!$P$5:$P$644,الإدخال!$A$5:$A$644,F$5,الإدخال!$D$5:$D$644,$A8)>0,SUMIFS(الإدخال!$O$5:$O$644,الإدخال!$A$5:$A$644,F$5,الإدخال!$D$5:$D$644,$A8)/100,"")))) | G8: =IF($A8="","",IF(COUNTIFS(الإدخال!$A$5:$A$644,G$5,الإدخال!$D$5:$D$644,$A8,الإدخال!$F$5:$F$644,"غائب",الإدخال!$G$5:$G$644,"")>0,"غ",IF(COUNTIFS(الإدخال!$A$5:$A$644,G$5,الإدخال!$D$5:$D$644,$A8,الإدخال!$F$5:$F$644,"معتذر",الإدخال!$G$5:$G$644,"")>0,"ع",IF(SUMIFS(الإدخال!$P$5:$P$644,الإدخال!$A$5:$A$644,G$5,الإدخال!$D$5:$D$644,$A8)>0,SUMIFS(الإدخال!$O$5:$O$644,الإدخال!$A$5:$A$644,G$5,الإدخال!$D$5:$D$644,$A8)/100,"")))) | H8: =IF($A8="","",IF(COUNTIFS(الإدخال!$A$5:$A$644,H$5,الإدخال!$D$5:$D$644,$A8,الإدخال!$F$5:$F$644,"غائب",الإدخال!$G$5:$G$644,"")>0,"غ",IF(COUNTIFS(الإدخال!$A$5:$A$644,H$5,الإدخال!$D$5:$D$644,$A8,الإدخال!$F$5:$F$644,"معتذر",الإدخال!$G$5:$G$644,"")>0,"ع",IF(SUMIFS(الإدخال!$P$5:$P$644,الإدخال!$A$5:$A$644,H$5,الإدخال!$D$5:$D$644,$A8)>0,SUMIFS(الإدخال!$O$5:$O$644,الإدخال!$A$5:$A$644,H$5,الإدخال!$D$5:$D$644,$A8)/100,"")))) | I8: =IF($A8="","",IF(COUNTIFS(الإدخال!$A$5:$A$644,I$5,الإدخال!$D$5:$D$644,$A8,الإدخال!$F$5:$F$644,"غائب",الإدخال!$G$5:$G$644,"")>0,"غ",IF(COUNTIFS(الإدخال!$A$5:$A$644,I$5,الإدخال!$D$5:$D$644,$A8,الإدخال!$F$5:$F$644,"معتذر",الإدخال!$G$5:$G$644,"")>0,"ع",IF(SUMIFS(الإدخال!$P$5:$P$644,الإدخال!$A$5:$A$644,I$5,الإدخال!$D$5:$D$644,$A8)>0,SUMIFS(الإدخال!$O$5:$O$644,الإدخال!$A$5:$A$644,I$5,الإدخال!$D$5:$D$644,$A8)/100,"")))) | J8: =IF($A8="","",IF(COUNTIFS(الإدخال!$A$5:$A$644,J$5,الإدخال!$D$5:$D$644,$A8,الإدخال!$F$5:$F$644,"غائب",الإدخال!$G$5:$G$644,"")>0,"غ",IF(COUNTIFS(الإدخال!$A$5:$A$644,J$5,الإدخال!$D$5:$D$644,$A8,الإدخال!$F$5:$F$644,"معتذر",الإدخال!$G$5:$G$644,"")>0,"ع",IF(SUMIFS(الإدخال!$P$5:$P$644,الإدخال!$A$5:$A$644,J$5,الإدخال!$D$5:$D$644,$A8)>0,SUMIFS(الإدخال!$O$5:$O$644,الإدخال!$A$5:$A$644,J$5,الإدخال!$D$5:$D$644,$A8)/100,"")))) | K8: =IF($A8="","",IF(COUNTIFS(الإدخال!$A$5:$A$644,K$5,الإدخال!$D$5:$D$644,$A8,الإدخال!$F$5:$F$644,"غائب",الإدخال!$G$5:$G$644,"")>0,"غ",IF(COUNTIFS(الإدخال!$A$5:$A$644,K$5,الإدخال!$D$5:$D$644,$A8,الإدخال!$F$5:$F$644,"معتذر",الإدخال!$G$5:$G$644,"")>0,"ع",IF(SUMIFS(الإدخال!$P$5:$P$644,الإدخال!$A$5:$A$644,K$5,الإدخال!$D$5:$D$644,$A8)>0,SUMIFS(الإدخال!$O$5:$O$644,الإدخال!$A$5:$A$644,K$5,الإدخال!$D$5:$D$644,$A8)/100,"")))) | ... S8: =IF($A8="","",IF(COUNTIFS(الإدخال!$A$5:$A$644,S$5,الإدخال!$D$5:$D$644,$A8,الإدخال!$F$5:$F$644,"غائب",الإدخال!$G$5:$G$644,"")>0,"غ",IF(COUNTIFS(الإدخال!$A$5:$A$644,S$5,الإدخال!$D$5:$D$644,$A8,الإدخال!$F$5:$F$644,"معتذر",الإدخال!$G$5:$G$644,"")>0,"ع",IF(SUMIFS(الإدخال!$P$5:$P$644,الإدخال!$A$5:$A$644,S$5,الإدخال!$D$5:$D$644,$A8)>0,SUMIFS(الإدخال!$O$5:$O$644,الإدخال!$A$5:$A$644,S$5,الإدخال!$D$5:$D$644,$A8)/100,"")))) | T8: =IF($A8="","",IFERROR(SUMIFS(الإدخال!$O$5:$O$644,الإدخال!$D$5:$D$644,$A8)/SUMIFS(الإدخال!$P$5:$P$644,الإدخال!$D$5:$D$644,$A8)/100,"")) -> 0.97 | U8: =IF(T8="","",IF(T8>=0.9,"ممتاز",IF(T8>=0.8,"جيد جدًا",IF(T8>=0.7,"جيد",IF(T8>=0.6,"مقبول","يحتاج متابعة"))))) -> ممتاز | V8: =IF($A8="","",SUMIFS(الإدخال!$N$5:$N$644,الإدخال!$D$5:$D$644,$A8)) -> 2 | W8: =IF($A8="","",COUNTIFS(الإدخال!$D$5:$D$644,$A8,الإدخال!$F$5:$F$644,"متأخر")) -> 0 | X8: =IF($A8="","",COUNTIFS(الإدخال!$D$5:$D$644,$A8,الإدخال!$F$5:$F$644,"غائب")) -> 0 | Y8: =IF($A8="","",COUNTIFS(الإدخال!$D$5:$D$644,$A8,الإدخال!$F$5:$F$644,"معتذر")) -> 0 | Z8: =IF($A8="","",SUMIFS(الإدخال!$H$5:$H$644,الإدخال!$D$5:$D$644,$A8,الإدخال!$N$5:$N$644,1)) -> 5 | AA8: =IF($A8="","",SUMIFS(الإدخال!$I$5:$I$644,الإدخال!$D$5:$D$644,$A8,الإدخال!$N$5:$N$644,1)) -> 52 | AB8: =IF($A8="","",SUMIFS(الإدخال!$J$5:$J$644,الإدخال!$D$5:$D$644,$A8,الإدخال!$N$5:$N$644,1)) -> 0 | AC8: =IFERROR(MATCH($C$3&"|3",الطلاب!$E$5:$E$44,0),"") -> 3
A9: =IF($AC9="","",INDEX(الطلاب!$A$5:$A$44,$AC9)) -> 4 | B9: =IF($AC9="","",INDEX(الطلاب!$B$5:$B$44,$AC9)) -> عبدالله الحفير | C9: =IF($AC9="","",INDEX(الطلاب!$D$5:$D$44,$AC9)) -> عبدالرحمن بن النعمان | D9: =IF($A9="","",IF(COUNTIFS(الإدخال!$A$5:$A$644,D$5,الإدخال!$D$5:$D$644,$A9,الإدخال!$F$5:$F$644,"غائب",الإدخال!$G$5:$G$644,"")>0,"غ",IF(COUNTIFS(الإدخال!$A$5:$A$644,D$5,الإدخال!$D$5:$D$644,$A9,الإدخال!$F$5:$F$644,"معتذر",الإدخال!$G$5:$G$644,"")>0,"ع",IF(SUMIFS(الإدخال!$P$5:$P$644,الإدخال!$A$5:$A$644,D$5,الإدخال!$D$5:$D$644,$A9)>0,SUMIFS(الإدخال!$O$5:$O$644,الإدخال!$A$5:$A$644,D$5,الإدخال!$D$5:$D$644,$A9)/100,"")))) -> 0.5 | E9: =IF($A9="","",IF(COUNTIFS(الإدخال!$A$5:$A$644,E$5,الإدخال!$D$5:$D$644,$A9,الإدخال!$F$5:$F$644,"غائب",الإدخال!$G$5:$G$644,"")>0,"غ",IF(COUNTIFS(الإدخال!$A$5:$A$644,E$5,الإدخال!$D$5:$D$644,$A9,الإدخال!$F$5:$F$644,"معتذر",الإدخال!$G$5:$G$644,"")>0,"ع",IF(SUMIFS(الإدخال!$P$5:$P$644,الإدخال!$A$5:$A$644,E$5,الإدخال!$D$5:$D$644,$A9)>0,SUMIFS(الإدخال!$O$5:$O$644,الإدخال!$A$5:$A$644,E$5,الإدخال!$D$5:$D$644,$A9)/100,"")))) -> 1 | F9: =IF($A9="","",IF(COUNTIFS(الإدخال!$A$5:$A$644,F$5,الإدخال!$D$5:$D$644,$A9,الإدخال!$F$5:$F$644,"غائب",الإدخال!$G$5:$G$644,"")>0,"غ",IF(COUNTIFS(الإدخال!$A$5:$A$644,F$5,الإدخال!$D$5:$D$644,$A9,الإدخال!$F$5:$F$644,"معتذر",الإدخال!$G$5:$G$644,"")>0,"ع",IF(SUMIFS(الإدخال!$P$5:$P$644,الإدخال!$A$5:$A$644,F$5,الإدخال!$D$5:$D$644,$A9)>0,SUMIFS(الإدخال!$O$5:$O$644,الإدخال!$A$5:$A$644,F$5,الإدخال!$D$5:$D$644,$A9)/100,"")))) | G9: =IF($A9="","",IF(COUNTIFS(الإدخال!$A$5:$A$644,G$5,الإدخال!$D$5:$D$644,$A9,الإدخال!$F$5:$F$644,"غائب",الإدخال!$G$5:$G$644,"")>0,"غ",IF(COUNTIFS(الإدخال!$A$5:$A$644,G$5,الإدخال!$D$5:$D$644,$A9,الإدخال!$F$5:$F$644,"معتذر",الإدخال!$G$5:$G$644,"")>0,"ع",IF(SUMIFS(الإدخال!$P$5:$P$644,الإدخال!$A$5:$A$644,G$5,الإدخال!$D$5:$D$644,$A9)>0,SUMIFS(الإدخال!$O$5:$O$644,الإدخال!$A$5:$A$644,G$5,الإدخال!$D$5:$D$644,$A9)/100,"")))) | H9: =IF($A9="","",IF(COUNTIFS(الإدخال!$A$5:$A$644,H$5,الإدخال!$D$5:$D$644,$A9,الإدخال!$F$5:$F$644,"غائب",الإدخال!$G$5:$G$644,"")>0,"غ",IF(COUNTIFS(الإدخال!$A$5:$A$644,H$5,الإدخال!$D$5:$D$644,$A9,الإدخال!$F$5:$F$644,"معتذر",الإدخال!$G$5:$G$644,"")>0,"ع",IF(SUMIFS(الإدخال!$P$5:$P$644,الإدخال!$A$5:$A$644,H$5,الإدخال!$D$5:$D$644,$A9)>0,SUMIFS(الإدخال!$O$5:$O$644,الإدخال!$A$5:$A$644,H$5,الإدخال!$D$5:$D$644,$A9)/100,"")))) | I9: =IF($A9="","",IF(COUNTIFS(الإدخال!$A$5:$A$644,I$5,الإدخال!$D$5:$D$644,$A9,الإدخال!$F$5:$F$644,"غائب",الإدخال!$G$5:$G$644,"")>0,"غ",IF(COUNTIFS(الإدخال!$A$5:$A$644,I$5,الإدخال!$D$5:$D$644,$A9,الإدخال!$F$5:$F$644,"معتذر",الإدخال!$G$5:$G$644,"")>0,"ع",IF(SUMIFS(الإدخال!$P$5:$P$644,الإدخال!$A$5:$A$644,I$5,الإدخال!$D$5:$D$644,$A9)>0,SUMIFS(الإدخال!$O$5:$O$644,الإدخال!$A$5:$A$644,I$5,الإدخال!$D$5:$D$644,$A9)/100,"")))) | J9: =IF($A9="","",IF(COUNTIFS(الإدخال!$A$5:$A$644,J$5,الإدخال!$D$5:$D$644,$A9,الإدخال!$F$5:$F$644,"غائب",الإدخال!$G$5:$G$644,"")>0,"غ",IF(COUNTIFS(الإدخال!$A$5:$A$644,J$5,الإدخال!$D$5:$D$644,$A9,الإدخال!$F$5:$F$644,"معتذر",الإدخال!$G$5:$G$644,"")>0,"ع",IF(SUMIFS(الإدخال!$P$5:$P$644,الإدخال!$A$5:$A$644,J$5,الإدخال!$D$5:$D$644,$A9)>0,SUMIFS(الإدخال!$O$5:$O$644,الإدخال!$A$5:$A$644,J$5,الإدخال!$D$5:$D$644,$A9)/100,"")))) | K9: =IF($A9="","",IF(COUNTIFS(الإدخال!$A$5:$A$644,K$5,الإدخال!$D$5:$D$644,$A9,الإدخال!$F$5:$F$644,"غائب",الإدخال!$G$5:$G$644,"")>0,"غ",IF(COUNTIFS(الإدخال!$A$5:$A$644,K$5,الإدخال!$D$5:$D$644,$A9,الإدخال!$F$5:$F$644,"معتذر",الإدخال!$G$5:$G$644,"")>0,"ع",IF(SUMIFS(الإدخال!$P$5:$P$644,الإدخال!$A$5:$A$644,K$5,الإدخال!$D$5:$D$644,$A9)>0,SUMIFS(الإدخال!$O$5:$O$644,الإدخال!$A$5:$A$644,K$5,الإدخال!$D$5:$D$644,$A9)/100,"")))) | ... S9: =IF($A9="","",IF(COUNTIFS(الإدخال!$A$5:$A$644,S$5,الإدخال!$D$5:$D$644,$A9,الإدخال!$F$5:$F$644,"غائب",الإدخال!$G$5:$G$644,"")>0,"غ",IF(COUNTIFS(الإدخال!$A$5:$A$644,S$5,الإدخال!$D$5:$D$644,$A9,الإدخال!$F$5:$F$644,"معتذر",الإدخال!$G$5:$G$644,"")>0,"ع",IF(SUMIFS(الإدخال!$P$5:$P$644,الإدخال!$A$5:$A$644,S$5,الإدخال!$D$5:$D$644,$A9)>0,SUMIFS(الإدخال!$O$5:$O$644,الإدخال!$A$5:$A$644,S$5,الإدخال!$D$5:$D$644,$A9)/100,"")))) | T9: =IF($A9="","",IFERROR(SUMIFS(الإدخال!$O$5:$O$644,الإدخال!$D$5:$D$644,$A9)/SUMIFS(الإدخال!$P$5:$P$644,الإدخال!$D$5:$D$644,$A9)/100,"")) -> 0.75 | U9: =IF(T9="","",IF(T9>=0.9,"ممتاز",IF(T9>=0.8,"جيد جدًا",IF(T9>=0.7,"جيد",IF(T9>=0.6,"مقبول","يحتاج متابعة"))))) -> جيد | V9: =IF($A9="","",SUMIFS(الإدخال!$N$5:$N$644,الإدخال!$D$5:$D$644,$A9)) -> 2 | W9: =IF($A9="","",COUNTIFS(الإدخال!$D$5:$D$644,$A9,الإدخال!$F$5:$F$644,"متأخر")) -> 0 | X9: =IF($A9="","",COUNTIFS(الإدخال!$D$5:$D$644,$A9,الإدخال!$F$5:$F$644,"غائب")) -> 0 | Y9: =IF($A9="","",COUNTIFS(الإدخال!$D$5:$D$644,$A9,الإدخال!$F$5:$F$644,"معتذر")) -> 0 | Z9: =IF($A9="","",SUMIFS(الإدخال!$H$5:$H$644,الإدخال!$D$5:$D$644,$A9,الإدخال!$N$5:$N$644,1)) -> 4 | AA9: =IF($A9="","",SUMIFS(الإدخال!$I$5:$I$644,الإدخال!$D$5:$D$644,$A9,الإدخال!$N$5:$N$644,1)) -> 28 | AB9: =IF($A9="","",SUMIFS(الإدخال!$J$5:$J$644,الإدخال!$D$5:$D$644,$A9,الإدخال!$N$5:$N$644,1)) -> 0 | AC9: =IFERROR(MATCH($C$3&"|4",الطلاب!$E$5:$E$44,0),"") -> 4
A10: =IF($AC10="","",INDEX(الطلاب!$A$5:$A$44,$AC10)) -> 5 | B10: =IF($AC10="","",INDEX(الطلاب!$B$5:$B$44,$AC10)) -> زياد الدخيل الله | C10: =IF($AC10="","",INDEX(الطلاب!$D$5:$D$44,$AC10)) -> عبدالرحمن بن النعمان | D10: =IF($A10="","",IF(COUNTIFS(الإدخال!$A$5:$A$644,D$5,الإدخال!$D$5:$D$644,$A10,الإدخال!$F$5:$F$644,"غائب",الإدخال!$G$5:$G$644,"")>0,"غ",IF(COUNTIFS(الإدخال!$A$5:$A$644,D$5,الإدخال!$D$5:$D$644,$A10,الإدخال!$F$5:$F$644,"معتذر",الإدخال!$G$5:$G$644,"")>0,"ع",IF(SUMIFS(الإدخال!$P$5:$P$644,الإدخال!$A$5:$A$644,D$5,الإدخال!$D$5:$D$644,$A10)>0,SUMIFS(الإدخال!$O$5:$O$644,الإدخال!$A$5:$A$644,D$5,الإدخال!$D$5:$D$644,$A10)/100,"")))) -> 0.5 | E10: =IF($A10="","",IF(COUNTIFS(الإدخال!$A$5:$A$644,E$5,الإدخال!$D$5:$D$644,$A10,الإدخال!$F$5:$F$644,"غائب",الإدخال!$G$5:$G$644,"")>0,"غ",IF(COUNTIFS(الإدخال!$A$5:$A$644,E$5,الإدخال!$D$5:$D$644,$A10,الإدخال!$F$5:$F$644,"معتذر",الإدخال!$G$5:$G$644,"")>0,"ع",IF(SUMIFS(الإدخال!$P$5:$P$644,الإدخال!$A$5:$A$644,E$5,الإدخال!$D$5:$D$644,$A10)>0,SUMIFS(الإدخال!$O$5:$O$644,الإدخال!$A$5:$A$644,E$5,الإدخال!$D$5:$D$644,$A10)/100,"")))) -> 0.87 | F10: =IF($A10="","",IF(COUNTIFS(الإدخال!$A$5:$A$644,F$5,الإدخال!$D$5:$D$644,$A10,الإدخال!$F$5:$F$644,"غائب",الإدخال!$G$5:$G$644,"")>0,"غ",IF(COUNTIFS(الإدخال!$A$5:$A$644,F$5,الإدخال!$D$5:$D$644,$A10,الإدخال!$F$5:$F$644,"معتذر",الإدخال!$G$5:$G$644,"")>0,"ع",IF(SUMIFS(الإدخال!$P$5:$P$644,الإدخال!$A$5:$A$644,F$5,الإدخال!$D$5:$D$644,$A10)>0,SUMIFS(الإدخال!$O$5:$O$644,الإدخال!$A$5:$A$644,F$5,الإدخال!$D$5:$D$644,$A10)/100,"")))) | G10: =IF($A10="","",IF(COUNTIFS(الإدخال!$A$5:$A$644,G$5,الإدخال!$D$5:$D$644,$A10,الإدخال!$F$5:$F$644,"غائب",الإدخال!$G$5:$G$644,"")>0,"غ",IF(COUNTIFS(الإدخال!$A$5:$A$644,G$5,الإدخال!$D$5:$D$644,$A10,الإدخال!$F$5:$F$644,"معتذر",الإدخال!$G$5:$G$644,"")>0,"ع",IF(SUMIFS(الإدخال!$P$5:$P$644,الإدخال!$A$5:$A$644,G$5,الإدخال!$D$5:$D$644,$A10)>0,SUMIFS(الإدخال!$O$5:$O$644,الإدخال!$A$5:$A$644,G$5,الإدخال!$D$5:$D$644,$A10)/100,"")))) | H10: =IF($A10="","",IF(COUNTIFS(الإدخال!$A$5:$A$644,H$5,الإدخال!$D$5:$D$644,$A10,الإدخال!$F$5:$F$644,"غائب",الإدخال!$G$5:$G$644,"")>0,"غ",IF(COUNTIFS(الإدخال!$A$5:$A$644,H$5,الإدخال!$D$5:$D$644,$A10,الإدخال!$F$5:$F$644,"معتذر",الإدخال!$G$5:$G$644,"")>0,"ع",IF(SUMIFS(الإدخال!$P$5:$P$644,الإدخال!$A$5:$A$644,H$5,الإدخال!$D$5:$D$644,$A10)>0,SUMIFS(الإدخال!$O$5:$O$644,الإدخال!$A$5:$A$644,H$5,الإدخال!$D$5:$D$644,$A10)/100,"")))) | I10: =IF($A10="","",IF(COUNTIFS(الإدخال!$A$5:$A$644,I$5,الإدخال!$D$5:$D$644,$A10,الإدخال!$F$5:$F$644,"غائب",الإدخال!$G$5:$G$644,"")>0,"غ",IF(COUNTIFS(الإدخال!$A$5:$A$644,I$5,الإدخال!$D$5:$D$644,$A10,الإدخال!$F$5:$F$644,"معتذر",الإدخال!$G$5:$G$644,"")>0,"ع",IF(SUMIFS(الإدخال!$P$5:$P$644,الإدخال!$A$5:$A$644,I$5,الإدخال!$D$5:$D$644,$A10)>0,SUMIFS(الإدخال!$O$5:$O$644,الإدخال!$A$5:$A$644,I$5,الإدخال!$D$5:$D$644,$A10)/100,"")))) | J10: =IF($A10="","",IF(COUNTIFS(الإدخال!$A$5:$A$644,J$5,الإدخال!$D$5:$D$644,$A10,الإدخال!$F$5:$F$644,"غائب",الإدخال!$G$5:$G$644,"")>0,"غ",IF(COUNTIFS(الإدخال!$A$5:$A$644,J$5,الإدخال!$D$5:$D$644,$A10,الإدخال!$F$5:$F$644,"معتذر",الإدخال!$G$5:$G$644,"")>0,"ع",IF(SUMIFS(الإدخال!$P$5:$P$644,الإدخال!$A$5:$A$644,J$5,الإدخال!$D$5:$D$644,$A10)>0,SUMIFS(الإدخال!$O$5:$O$644,الإدخال!$A$5:$A$644,J$5,الإدخال!$D$5:$D$644,$A10)/100,"")))) | K10: =IF($A10="","",IF(COUNTIFS(الإدخال!$A$5:$A$644,K$5,الإدخال!$D$5:$D$644,$A10,الإدخال!$F$5:$F$644,"غائب",الإدخال!$G$5:$G$644,"")>0,"غ",IF(COUNTIFS(الإدخال!$A$5:$A$644,K$5,الإدخال!$D$5:$D$644,$A10,الإدخال!$F$5:$F$644,"معتذر",الإدخال!$G$5:$G$644,"")>0,"ع",IF(SUMIFS(الإدخال!$P$5:$P$644,الإدخال!$A$5:$A$644,K$5,الإدخال!$D$5:$D$644,$A10)>0,SUMIFS(الإدخال!$O$5:$O$644,الإدخال!$A$5:$A$644,K$5,الإدخال!$D$5:$D$644,$A10)/100,"")))) | ... S10: =IF($A10="","",IF(COUNTIFS(الإدخال!$A$5:$A$644,S$5,الإدخال!$D$5:$D$644,$A10,الإدخال!$F$5:$F$644,"غائب",الإدخال!$G$5:$G$644,"")>0,"غ",IF(COUNTIFS(الإدخال!$A$5:$A$644,S$5,الإدخال!$D$5:$D$644,$A10,الإدخال!$F$5:$F$644,"معتذر",الإدخال!$G$5:$G$644,"")>0,"ع",IF(SUMIFS(الإدخال!$P$5:$P$644,الإدخال!$A$5:$A$644,S$5,الإدخال!$D$5:$D$644,$A10)>0,SUMIFS(الإدخال!$O$5:$O$644,الإدخال!$A$5:$A$644,S$5,الإدخال!$D$5:$D$644,$A10)/100,"")))) | T10: =IF($A10="","",IFERROR(SUMIFS(الإدخال!$O$5:$O$644,الإدخال!$D$5:$D$644,$A10)/SUMIFS(الإدخال!$P$5:$P$644,الإدخال!$D$5:$D$644,$A10)/100,"")) -> 0.685 | U10: =IF(T10="","",IF(T10>=0.9,"ممتاز",IF(T10>=0.8,"جيد جدًا",IF(T10>=0.7,"جيد",IF(T10>=0.6,"مقبول","يحتاج متابعة"))))) -> مقبول | V10: =IF($A10="","",SUMIFS(الإدخال!$N$5:$N$644,الإدخال!$D$5:$D$644,$A10)) -> 2 | W10: =IF($A10="","",COUNTIFS(الإدخال!$D$5:$D$644,$A10,الإدخال!$F$5:$F$644,"متأخر")) -> 0 | X10: =IF($A10="","",COUNTIFS(الإدخال!$D$5:$D$644,$A10,الإدخال!$F$5:$F$644,"غائب")) -> 0 | Y10: =IF($A10="","",COUNTIFS(الإدخال!$D$5:$D$644,$A10,الإدخال!$F$5:$F$644,"معتذر")) -> 0 | Z10: =IF($A10="","",SUMIFS(الإدخال!$H$5:$H$644,الإدخال!$D$5:$D$644,$A10,الإدخال!$N$5:$N$644,1)) -> 3 | AA10: =IF($A10="","",SUMIFS(الإدخال!$I$5:$I$644,الإدخال!$D$5:$D$644,$A10,الإدخال!$N$5:$N$644,1)) -> 40 | AB10: =IF($A10="","",SUMIFS(الإدخال!$J$5:$J$644,الإدخال!$D$5:$D$644,$A10,الإدخال!$N$5:$N$644,1)) -> 0 | AC10: =IFERROR(MATCH($C$3&"|5",الطلاب!$E$5:$E$44,0),"") -> 5
A11: =IF($AC11="","",INDEX(الطلاب!$A$5:$A$44,$AC11)) -> 6 | B11: =IF($AC11="","",INDEX(الطلاب!$B$5:$B$44,$AC11)) -> عاصم الضبيعي | C11: =IF($AC11="","",INDEX(الطلاب!$D$5:$D$44,$AC11)) -> ابن رجب | D11: =IF($A11="","",IF(COUNTIFS(الإدخال!$A$5:$A$644,D$5,الإدخال!$D$5:$D$644,$A11,الإدخال!$F$5:$F$644,"غائب",الإدخال!$G$5:$G$644,"")>0,"غ",IF(COUNTIFS(الإدخال!$A$5:$A$644,D$5,الإدخال!$D$5:$D$644,$A11,الإدخال!$F$5:$F$644,"معتذر",الإدخال!$G$5:$G$644,"")>0,"ع",IF(SUMIFS(الإدخال!$P$5:$P$644,الإدخال!$A$5:$A$644,D$5,الإدخال!$D$5:$D$644,$A11)>0,SUMIFS(الإدخال!$O$5:$O$644,الإدخال!$A$5:$A$644,D$5,الإدخال!$D$5:$D$644,$A11)/100,"")))) -> 0.96 | E11: =IF($A11="","",IF(COUNTIFS(الإدخال!$A$5:$A$644,E$5,الإدخال!$D$5:$D$644,$A11,الإدخال!$F$5:$F$644,"غائب",الإدخال!$G$5:$G$644,"")>0,"غ",IF(COUNTIFS(الإدخال!$A$5:$A$644,E$5,الإدخال!$D$5:$D$644,$A11,الإدخال!$F$5:$F$644,"معتذر",الإدخال!$G$5:$G$644,"")>0,"ع",IF(SUMIFS(الإدخال!$P$5:$P$644,الإدخال!$A$5:$A$644,E$5,الإدخال!$D$5:$D$644,$A11)>0,SUMIFS(الإدخال!$O$5:$O$644,الإدخال!$A$5:$A$644,E$5,الإدخال!$D$5:$D$644,$A11)/100,"")))) -> 0.91 | F11: =IF($A11="","",IF(COUNTIFS(الإدخال!$A$5:$A$644,F$5,الإدخال!$D$5:$D$644,$A11,الإدخال!$F$5:$F$644,"غائب",الإدخال!$G$5:$G$644,"")>0,"غ",IF(COUNTIFS(الإدخال!$A$5:$A$644,F$5,الإدخال!$D$5:$D$644,$A11,الإدخال!$F$5:$F$644,"معتذر",الإدخال!$G$5:$G$644,"")>0,"ع",IF(SUMIFS(الإدخال!$P$5:$P$644,الإدخال!$A$5:$A$644,F$5,الإدخال!$D$5:$D$644,$A11)>0,SUMIFS(الإدخال!$O$5:$O$644,الإدخال!$A$5:$A$644,F$5,الإدخال!$D$5:$D$644,$A11)/100,"")))) | G11: =IF($A11="","",IF(COUNTIFS(الإدخال!$A$5:$A$644,G$5,الإدخال!$D$5:$D$644,$A11,الإدخال!$F$5:$F$644,"غائب",الإدخال!$G$5:$G$644,"")>0,"غ",IF(COUNTIFS(الإدخال!$A$5:$A$644,G$5,الإدخال!$D$5:$D$644,$A11,الإدخال!$F$5:$F$644,"معتذر",الإدخال!$G$5:$G$644,"")>0,"ع",IF(SUMIFS(الإدخال!$P$5:$P$644,الإدخال!$A$5:$A$644,G$5,الإدخال!$D$5:$D$644,$A11)>0,SUMIFS(الإدخال!$O$5:$O$644,الإدخال!$A$5:$A$644,G$5,الإدخال!$D$5:$D$644,$A11)/100,"")))) | H11: =IF($A11="","",IF(COUNTIFS(الإدخال!$A$5:$A$644,H$5,الإدخال!$D$5:$D$644,$A11,الإدخال!$F$5:$F$644,"غائب",الإدخال!$G$5:$G$644,"")>0,"غ",IF(COUNTIFS(الإدخال!$A$5:$A$644,H$5,الإدخال!$D$5:$D$644,$A11,الإدخال!$F$5:$F$644,"معتذر",الإدخال!$G$5:$G$644,"")>0,"ع",IF(SUMIFS(الإدخال!$P$5:$P$644,الإدخال!$A$5:$A$644,H$5,الإدخال!$D$5:$D$644,$A11)>0,SUMIFS(الإدخال!$O$5:$O$644,الإدخال!$A$5:$A$644,H$5,الإدخال!$D$5:$D$644,$A11)/100,"")))) | I11: =IF($A11="","",IF(COUNTIFS(الإدخال!$A$5:$A$644,I$5,الإدخال!$D$5:$D$644,$A11,الإدخال!$F$5:$F$644,"غائب",الإدخال!$G$5:$G$644,"")>0,"غ",IF(COUNTIFS(الإدخال!$A$5:$A$644,I$5,الإدخال!$D$5:$D$644,$A11,الإدخال!$F$5:$F$644,"معتذر",الإدخال!$G$5:$G$644,"")>0,"ع",IF(SUMIFS(الإدخال!$P$5:$P$644,الإدخال!$A$5:$A$644,I$5,الإدخال!$D$5:$D$644,$A11)>0,SUMIFS(الإدخال!$O$5:$O$644,الإدخال!$A$5:$A$644,I$5,الإدخال!$D$5:$D$644,$A11)/100,"")))) | J11: =IF($A11="","",IF(COUNTIFS(الإدخال!$A$5:$A$644,J$5,الإدخال!$D$5:$D$644,$A11,الإدخال!$F$5:$F$644,"غائب",الإدخال!$G$5:$G$644,"")>0,"غ",IF(COUNTIFS(الإدخال!$A$5:$A$644,J$5,الإدخال!$D$5:$D$644,$A11,الإدخال!$F$5:$F$644,"معتذر",الإدخال!$G$5:$G$644,"")>0,"ع",IF(SUMIFS(الإدخال!$P$5:$P$644,الإدخال!$A$5:$A$644,J$5,الإدخال!$D$5:$D$644,$A11)>0,SUMIFS(الإدخال!$O$5:$O$644,الإدخال!$A$5:$A$644,J$5,الإدخال!$D$5:$D$644,$A11)/100,"")))) | K11: =IF($A11="","",IF(COUNTIFS(الإدخال!$A$5:$A$644,K$5,الإدخال!$D$5:$D$644,$A11,الإدخال!$F$5:$F$644,"غائب",الإدخال!$G$5:$G$644,"")>0,"غ",IF(COUNTIFS(الإدخال!$A$5:$A$644,K$5,الإدخال!$D$5:$D$644,$A11,الإدخال!$F$5:$F$644,"معتذر",الإدخال!$G$5:$G$644,"")>0,"ع",IF(SUMIFS(الإدخال!$P$5:$P$644,الإدخال!$A$5:$A$644,K$5,الإدخال!$D$5:$D$644,$A11)>0,SUMIFS(الإدخال!$O$5:$O$644,الإدخال!$A$5:$A$644,K$5,الإدخال!$D$5:$D$644,$A11)/100,"")))) | ... S11: =IF($A11="","",IF(COUNTIFS(الإدخال!$A$5:$A$644,S$5,الإدخال!$D$5:$D$644,$A11,الإدخال!$F$5:$F$644,"غائب",الإدخال!$G$5:$G$644,"")>0,"غ",IF(COUNTIFS(الإدخال!$A$5:$A$644,S$5,الإدخال!$D$5:$D$644,$A11,الإدخال!$F$5:$F$644,"معتذر",الإدخال!$G$5:$G$644,"")>0,"ع",IF(SUMIFS(الإدخال!$P$5:$P$644,الإدخال!$A$5:$A$644,S$5,الإدخال!$D$5:$D$644,$A11)>0,SUMIFS(الإدخال!$O$5:$O$644,الإدخال!$A$5:$A$644,S$5,الإدخال!$D$5:$D$644,$A11)/100,"")))) | T11: =IF($A11="","",IFERROR(SUMIFS(الإدخال!$O$5:$O$644,الإدخال!$D$5:$D$644,$A11)/SUMIFS(الإدخال!$P$5:$P$644,الإدخال!$D$5:$D$644,$A11)/100,"")) -> 0.935 | U11: =IF(T11="","",IF(T11>=0.9,"ممتاز",IF(T11>=0.8,"جيد جدًا",IF(T11>=0.7,"جيد",IF(T11>=0.6,"مقبول","يحتاج متابعة"))))) -> ممتاز | V11: =IF($A11="","",SUMIFS(الإدخال!$N$5:$N$644,الإدخال!$D$5:$D$644,$A11)) -> 2 | W11: =IF($A11="","",COUNTIFS(الإدخال!$D$5:$D$644,$A11,الإدخال!$F$5:$F$644,"متأخر")) -> 0 | X11: =IF($A11="","",COUNTIFS(الإدخال!$D$5:$D$644,$A11,الإدخال!$F$5:$F$644,"غائب")) -> 0 | Y11: =IF($A11="","",COUNTIFS(الإدخال!$D$5:$D$644,$A11,الإدخال!$F$5:$F$644,"معتذر")) -> 0 | Z11: =IF($A11="","",SUMIFS(الإدخال!$H$5:$H$644,الإدخال!$D$5:$D$644,$A11,الإدخال!$N$5:$N$644,1)) -> 3 | AA11: =IF($A11="","",SUMIFS(الإدخال!$I$5:$I$644,الإدخال!$D$5:$D$644,$A11,الإدخال!$N$5:$N$644,1)) -> 60 | AB11: =IF($A11="","",SUMIFS(الإدخال!$J$5:$J$644,الإدخال!$D$5:$D$644,$A11,الإدخال!$N$5:$N$644,1)) -> 0 | AC11: =IFERROR(MATCH($C$3&"|6",الطلاب!$E$5:$E$44,0),"") -> 6
A12: =IF($AC12="","",INDEX(الطلاب!$A$5:$A$44,$AC12)) -> 7 | B12: =IF($AC12="","",INDEX(الطلاب!$B$5:$B$44,$AC12)) -> محمد السعوي | C12: =IF($AC12="","",INDEX(الطلاب!$D$5:$D$44,$AC12)) -> ابن رجب | D12: =IF($A12="","",IF(COUNTIFS(الإدخال!$A$5:$A$644,D$5,الإدخال!$D$5:$D$644,$A12,الإدخال!$F$5:$F$644,"غائب",الإدخال!$G$5:$G$644,"")>0,"غ",IF(COUNTIFS(الإدخال!$A$5:$A$644,D$5,الإدخال!$D$5:$D$644,$A12,الإدخال!$F$5:$F$644,"معتذر",الإدخال!$G$5:$G$644,"")>0,"ع",IF(SUMIFS(الإدخال!$P$5:$P$644,الإدخال!$A$5:$A$644,D$5,الإدخال!$D$5:$D$644,$A12)>0,SUMIFS(الإدخال!$O$5:$O$644,الإدخال!$A$5:$A$644,D$5,الإدخال!$D$5:$D$644,$A12)/100,"")))) -> 0.97 | E12: =IF($A12="","",IF(COUNTIFS(الإدخال!$A$5:$A$644,E$5,الإدخال!$D$5:$D$644,$A12,الإدخال!$F$5:$F$644,"غائب",الإدخال!$G$5:$G$644,"")>0,"غ",IF(COUNTIFS(الإدخال!$A$5:$A$644,E$5,الإدخال!$D$5:$D$644,$A12,الإدخال!$F$5:$F$644,"معتذر",الإدخال!$G$5:$G$644,"")>0,"ع",IF(SUMIFS(الإدخال!$P$5:$P$644,الإدخال!$A$5:$A$644,E$5,الإدخال!$D$5:$D$644,$A12)>0,SUMIFS(الإدخال!$O$5:$O$644,الإدخال!$A$5:$A$644,E$5,الإدخال!$D$5:$D$644,$A12)/100,"")))) -> 0.71 | F12: =IF($A12="","",IF(COUNTIFS(الإدخال!$A$5:$A$644,F$5,الإدخال!$D$5:$D$644,$A12,الإدخال!$F$5:$F$644,"غائب",الإدخال!$G$5:$G$644,"")>0,"غ",IF(COUNTIFS(الإدخال!$A$5:$A$644,F$5,الإدخال!$D$5:$D$644,$A12,الإدخال!$F$5:$F$644,"معتذر",الإدخال!$G$5:$G$644,"")>0,"ع",IF(SUMIFS(الإدخال!$P$5:$P$644,الإدخال!$A$5:$A$644,F$5,الإدخال!$D$5:$D$644,$A12)>0,SUMIFS(الإدخال!$O$5:$O$644,الإدخال!$A$5:$A$644,F$5,الإدخال!$D$5:$D$644,$A12)/100,"")))) | G12: =IF($A12="","",IF(COUNTIFS(الإدخال!$A$5:$A$644,G$5,الإدخال!$D$5:$D$644,$A12,الإدخال!$F$5:$F$644,"غائب",الإدخال!$G$5:$G$644,"")>0,"غ",IF(COUNTIFS(الإدخال!$A$5:$A$644,G$5,الإدخال!$D$5:$D$644,$A12,الإدخال!$F$5:$F$644,"معتذر",الإدخال!$G$5:$G$644,"")>0,"ع",IF(SUMIFS(الإدخال!$P$5:$P$644,الإدخال!$A$5:$A$644,G$5,الإدخال!$D$5:$D$644,$A12)>0,SUMIFS(الإدخال!$O$5:$O$644,الإدخال!$A$5:$A$644,G$5,الإدخال!$D$5:$D$644,$A12)/100,"")))) | H12: =IF($A12="","",IF(COUNTIFS(الإدخال!$A$5:$A$644,H$5,الإدخال!$D$5:$D$644,$A12,الإدخال!$F$5:$F$644,"غائب",الإدخال!$G$5:$G$644,"")>0,"غ",IF(COUNTIFS(الإدخال!$A$5:$A$644,H$5,الإدخال!$D$5:$D$644,$A12,الإدخال!$F$5:$F$644,"معتذر",الإدخال!$G$5:$G$644,"")>0,"ع",IF(SUMIFS(الإدخال!$P$5:$P$644,الإدخال!$A$5:$A$644,H$5,الإدخال!$D$5:$D$644,$A12)>0,SUMIFS(الإدخال!$O$5:$O$644,الإدخال!$A$5:$A$644,H$5,الإدخال!$D$5:$D$644,$A12)/100,"")))) | I12: =IF($A12="","",IF(COUNTIFS(الإدخال!$A$5:$A$644,I$5,الإدخال!$D$5:$D$644,$A12,الإدخال!$F$5:$F$644,"غائب",الإدخال!$G$5:$G$644,"")>0,"غ",IF(COUNTIFS(الإدخال!$A$5:$A$644,I$5,الإدخال!$D$5:$D$644,$A12,الإدخال!$F$5:$F$644,"معتذر",الإدخال!$G$5:$G$644,"")>0,"ع",IF(SUMIFS(الإدخال!$P$5:$P$644,الإدخال!$A$5:$A$644,I$5,الإدخال!$D$5:$D$644,$A12)>0,SUMIFS(الإدخال!$O$5:$O$644,الإدخال!$A$5:$A$644,I$5,الإدخال!$D$5:$D$644,$A12)/100,"")))) | J12: =IF($A12="","",IF(COUNTIFS(الإدخال!$A$5:$A$644,J$5,الإدخال!$D$5:$D$644,$A12,الإدخال!$F$5:$F$644,"غائب",الإدخال!$G$5:$G$644,"")>0,"غ",IF(COUNTIFS(الإدخال!$A$5:$A$644,J$5,الإدخال!$D$5:$D$644,$A12,الإدخال!$F$5:$F$644,"معتذر",الإدخال!$G$5:$G$644,"")>0,"ع",IF(SUMIFS(الإدخال!$P$5:$P$644,الإدخال!$A$5:$A$644,J$5,الإدخال!$D$5:$D$644,$A12)>0,SUMIFS(الإدخال!$O$5:$O$644,الإدخال!$A$5:$A$644,J$5,الإدخال!$D$5:$D$644,$A12)/100,"")))) | K12: =IF($A12="","",IF(COUNTIFS(الإدخال!$A$5:$A$644,K$5,الإدخال!$D$5:$D$644,$A12,الإدخال!$F$5:$F$644,"غائب",الإدخال!$G$5:$G$644,"")>0,"غ",IF(COUNTIFS(الإدخال!$A$5:$A$644,K$5,الإدخال!$D$5:$D$644,$A12,الإدخال!$F$5:$F$644,"معتذر",الإدخال!$G$5:$G$644,"")>0,"ع",IF(SUMIFS(الإدخال!$P$5:$P$644,الإدخال!$A$5:$A$644,K$5,الإدخال!$D$5:$D$644,$A12)>0,SUMIFS(الإدخال!$O$5:$O$644,الإدخال!$A$5:$A$644,K$5,الإدخال!$D$5:$D$644,$A12)/100,"")))) | ... S12: =IF($A12="","",IF(COUNTIFS(الإدخال!$A$5:$A$644,S$5,الإدخال!$D$5:$D$644,$A12,الإدخال!$F$5:$F$644,"غائب",الإدخال!$G$5:$G$644,"")>0,"غ",IF(COUNTIFS(الإدخال!$A$5:$A$644,S$5,الإدخال!$D$5:$D$644,$A12,الإدخال!$F$5:$F$644,"معتذر",الإدخال!$G$5:$G$644,"")>0,"ع",IF(SUMIFS(الإدخال!$P$5:$P$644,الإدخال!$A$5:$A$644,S$5,الإدخال!$D$5:$D$644,$A12)>0,SUMIFS(الإدخال!$O$5:$O$644,الإدخال!$A$5:$A$644,S$5,الإدخال!$D$5:$D$644,$A12)/100,"")))) | T12: =IF($A12="","",IFERROR(SUMIFS(الإدخال!$O$5:$O$644,الإدخال!$D$5:$D$644,$A12)/SUMIFS(الإدخال!$P$5:$P$644,الإدخال!$D$5:$D$644,$A12)/100,"")) -> 0.84 | U12: =IF(T12="","",IF(T12>=0.9,"ممتاز",IF(T12>=0.8,"جيد جدًا",IF(T12>=0.7,"جيد",IF(T12>=0.6,"مقبول","يحتاج متابعة"))))) -> جيد جدًا | V12: =IF($A12="","",SUMIFS(الإدخال!$N$5:$N$644,الإدخال!$D$5:$D$644,$A12)) -> 2 | W12: =IF($A12="","",COUNTIFS(الإدخال!$D$5:$D$644,$A12,الإدخال!$F$5:$F$644,"متأخر")) -> 0 | X12: =IF($A12="","",COUNTIFS(الإدخال!$D$5:$D$644,$A12,الإدخال!$F$5:$F$644,"غائب")) -> 0 | Y12: =IF($A12="","",COUNTIFS(الإدخال!$D$5:$D$644,$A12,الإدخال!$F$5:$F$644,"معتذر")) -> 0 | Z12: =IF($A12="","",SUMIFS(الإدخال!$H$5:$H$644,الإدخال!$D$5:$D$644,$A12,الإدخال!$N$5:$N$644,1)) -> 1 | AA12: =IF($A12="","",SUMIFS(الإدخال!$I$5:$I$644,الإدخال!$D$5:$D$644,$A12,الإدخال!$N$5:$N$644,1)) -> 80 | AB12: =IF($A12="","",SUMIFS(الإدخال!$J$5:$J$644,الإدخال!$D$5:$D$644,$A12,الإدخال!$N$5:$N$644,1)) -> 0 | AC12: =IFERROR(MATCH($C$3&"|7",الطلاب!$E$5:$E$44,0),"") -> 7
A13: =IF($AC13="","",INDEX(الطلاب!$A$5:$A$44,$AC13)) -> 8 | B13: =IF($AC13="","",INDEX(الطلاب!$B$5:$B$44,$AC13)) -> هشام المخلف | C13: =IF($AC13="","",INDEX(الطلاب!$D$5:$D$44,$AC13)) -> ابن رجب | D13: =IF($A13="","",IF(COUNTIFS(الإدخال!$A$5:$A$644,D$5,الإدخال!$D$5:$D$644,$A13,الإدخال!$F$5:$F$644,"غائب",الإدخال!$G$5:$G$644,"")>0,"غ",IF(COUNTIFS(الإدخال!$A$5:$A$644,D$5,الإدخال!$D$5:$D$644,$A13,الإدخال!$F$5:$F$644,"معتذر",الإدخال!$G$5:$G$644,"")>0,"ع",IF(SUMIFS(الإدخال!$P$5:$P$644,الإدخال!$A$5:$A$644,D$5,الإدخال!$D$5:$D$644,$A13)>0,SUMIFS(الإدخال!$O$5:$O$644,الإدخال!$A$5:$A$644,D$5,الإدخال!$D$5:$D$644,$A13)/100,"")))) -> 0.93 | E13: =IF($A13="","",IF(COUNTIFS(الإدخال!$A$5:$A$644,E$5,الإدخال!$D$5:$D$644,$A13,الإدخال!$F$5:$F$644,"غائب",الإدخال!$G$5:$G$644,"")>0,"غ",IF(COUNTIFS(الإدخال!$A$5:$A$644,E$5,الإدخال!$D$5:$D$644,$A13,الإدخال!$F$5:$F$644,"معتذر",الإدخال!$G$5:$G$644,"")>0,"ع",IF(SUMIFS(الإدخال!$P$5:$P$644,الإدخال!$A$5:$A$644,E$5,الإدخال!$D$5:$D$644,$A13)>0,SUMIFS(الإدخال!$O$5:$O$644,الإدخال!$A$5:$A$644,E$5,الإدخال!$D$5:$D$644,$A13)/100,"")))) -> 0.93 | F13: =IF($A13="","",IF(COUNTIFS(الإدخال!$A$5:$A$644,F$5,الإدخال!$D$5:$D$644,$A13,الإدخال!$F$5:$F$644,"غائب",الإدخال!$G$5:$G$644,"")>0,"غ",IF(COUNTIFS(الإدخال!$A$5:$A$644,F$5,الإدخال!$D$5:$D$644,$A13,الإدخال!$F$5:$F$644,"معتذر",الإدخال!$G$5:$G$644,"")>0,"ع",IF(SUMIFS(الإدخال!$P$5:$P$644,الإدخال!$A$5:$A$644,F$5,الإدخال!$D$5:$D$644,$A13)>0,SUMIFS(الإدخال!$O$5:$O$644,الإدخال!$A$5:$A$644,F$5,الإدخال!$D$5:$D$644,$A13)/100,"")))) | G13: =IF($A13="","",IF(COUNTIFS(الإدخال!$A$5:$A$644,G$5,الإدخال!$D$5:$D$644,$A13,الإدخال!$F$5:$F$644,"غائب",الإدخال!$G$5:$G$644,"")>0,"غ",IF(COUNTIFS(الإدخال!$A$5:$A$644,G$5,الإدخال!$D$5:$D$644,$A13,الإدخال!$F$5:$F$644,"معتذر",الإدخال!$G$5:$G$644,"")>0,"ع",IF(SUMIFS(الإدخال!$P$5:$P$644,الإدخال!$A$5:$A$644,G$5,الإدخال!$D$5:$D$644,$A13)>0,SUMIFS(الإدخال!$O$5:$O$644,الإدخال!$A$5:$A$644,G$5,الإدخال!$D$5:$D$644,$A13)/100,"")))) | H13: =IF($A13="","",IF(COUNTIFS(الإدخال!$A$5:$A$644,H$5,الإدخال!$D$5:$D$644,$A13,الإدخال!$F$5:$F$644,"غائب",الإدخال!$G$5:$G$644,"")>0,"غ",IF(COUNTIFS(الإدخال!$A$5:$A$644,H$5,الإدخال!$D$5:$D$644,$A13,الإدخال!$F$5:$F$644,"معتذر",الإدخال!$G$5:$G$644,"")>0,"ع",IF(SUMIFS(الإدخال!$P$5:$P$644,الإدخال!$A$5:$A$644,H$5,الإدخال!$D$5:$D$644,$A13)>0,SUMIFS(الإدخال!$O$5:$O$644,الإدخال!$A$5:$A$644,H$5,الإدخال!$D$5:$D$644,$A13)/100,"")))) | I13: =IF($A13="","",IF(COUNTIFS(الإدخال!$A$5:$A$644,I$5,الإدخال!$D$5:$D$644,$A13,الإدخال!$F$5:$F$644,"غائب",الإدخال!$G$5:$G$644,"")>0,"غ",IF(COUNTIFS(الإدخال!$A$5:$A$644,I$5,الإدخال!$D$5:$D$644,$A13,الإدخال!$F$5:$F$644,"معتذر",الإدخال!$G$5:$G$644,"")>0,"ع",IF(SUMIFS(الإدخال!$P$5:$P$644,الإدخال!$A$5:$A$644,I$5,الإدخال!$D$5:$D$644,$A13)>0,SUMIFS(الإدخال!$O$5:$O$644,الإدخال!$A$5:$A$644,I$5,الإدخال!$D$5:$D$644,$A13)/100,"")))) | J13: =IF($A13="","",IF(COUNTIFS(الإدخال!$A$5:$A$644,J$5,الإدخال!$D$5:$D$644,$A13,الإدخال!$F$5:$F$644,"غائب",الإدخال!$G$5:$G$644,"")>0,"غ",IF(COUNTIFS(الإدخال!$A$5:$A$644,J$5,الإدخال!$D$5:$D$644,$A13,الإدخال!$F$5:$F$644,"معتذر",الإدخال!$G$5:$G$644,"")>0,"ع",IF(SUMIFS(الإدخال!$P$5:$P$644,الإدخال!$A$5:$A$644,J$5,الإدخال!$D$5:$D$644,$A13)>0,SUMIFS(الإدخال!$O$5:$O$644,الإدخال!$A$5:$A$644,J$5,الإدخال!$D$5:$D$644,$A13)/100,"")))) | K13: =IF($A13="","",IF(COUNTIFS(الإدخال!$A$5:$A$644,K$5,الإدخال!$D$5:$D$644,$A13,الإدخال!$F$5:$F$644,"غائب",الإدخال!$G$5:$G$644,"")>0,"غ",IF(COUNTIFS(الإدخال!$A$5:$A$644,K$5,الإدخال!$D$5:$D$644,$A13,الإدخال!$F$5:$F$644,"معتذر",الإدخال!$G$5:$G$644,"")>0,"ع",IF(SUMIFS(الإدخال!$P$5:$P$644,الإدخال!$A$5:$A$644,K$5,الإدخال!$D$5:$D$644,$A13)>0,SUMIFS(الإدخال!$O$5:$O$644,الإدخال!$A$5:$A$644,K$5,الإدخال!$D$5:$D$644,$A13)/100,"")))) | ... S13: =IF($A13="","",IF(COUNTIFS(الإدخال!$A$5:$A$644,S$5,الإدخال!$D$5:$D$644,$A13,الإدخال!$F$5:$F$644,"غائب",الإدخال!$G$5:$G$644,"")>0,"غ",IF(COUNTIFS(الإدخال!$A$5:$A$644,S$5,الإدخال!$D$5:$D$644,$A13,الإدخال!$F$5:$F$644,"معتذر",الإدخال!$G$5:$G$644,"")>0,"ع",IF(SUMIFS(الإدخال!$P$5:$P$644,الإدخال!$A$5:$A$644,S$5,الإدخال!$D$5:$D$644,$A13)>0,SUMIFS(الإدخال!$O$5:$O$644,الإدخال!$A$5:$A$644,S$5,الإدخال!$D$5:$D$644,$A13)/100,"")))) | T13: =IF($A13="","",IFERROR(SUMIFS(الإدخال!$O$5:$O$644,الإدخال!$D$5:$D$644,$A13)/SUMIFS(الإدخال!$P$5:$P$644,الإدخال!$D$5:$D$644,$A13)/100,"")) -> 0.93 | U13: =IF(T13="","",IF(T13>=0.9,"ممتاز",IF(T13>=0.8,"جيد جدًا",IF(T13>=0.7,"جيد",IF(T13>=0.6,"مقبول","يحتاج متابعة"))))) -> ممتاز | V13: =IF($A13="","",SUMIFS(الإدخال!$N$5:$N$644,الإدخال!$D$5:$D$644,$A13)) -> 2 | W13: =IF($A13="","",COUNTIFS(الإدخال!$D$5:$D$644,$A13,الإدخال!$F$5:$F$644,"متأخر")) -> 0 | X13: =IF($A13="","",COUNTIFS(الإدخال!$D$5:$D$644,$A13,الإدخال!$F$5:$F$644,"غائب")) -> 0 | Y13: =IF($A13="","",COUNTIFS(الإدخال!$D$5:$D$644,$A13,الإدخال!$F$5:$F$644,"معتذر")) -> 0 | Z13: =IF($A13="","",SUMIFS(الإدخال!$H$5:$H$644,الإدخال!$D$5:$D$644,$A13,الإدخال!$N$5:$N$644,1)) -> 3 | AA13: =IF($A13="","",SUMIFS(الإدخال!$I$5:$I$644,الإدخال!$D$5:$D$644,$A13,الإدخال!$N$5:$N$644,1)) -> 35 | AB13: =IF($A13="","",SUMIFS(الإدخال!$J$5:$J$644,الإدخال!$D$5:$D$644,$A13,الإدخال!$N$5:$N$644,1)) -> 0 | AC13: =IFERROR(MATCH($C$3&"|8",الطلاب!$E$5:$E$44,0),"") -> 8
A14: =IF($AC14="","",INDEX(الطلاب!$A$5:$A$44,$AC14)) -> 9 | B14: =IF($AC14="","",INDEX(الطلاب!$B$5:$B$44,$AC14)) -> اسامة السعدون | C14: =IF($AC14="","",INDEX(الطلاب!$D$5:$D$44,$AC14)) -> ابن رجب | D14: =IF($A14="","",IF(COUNTIFS(الإدخال!$A$5:$A$644,D$5,الإدخال!$D$5:$D$644,$A14,الإدخال!$F$5:$F$644,"غائب",الإدخال!$G$5:$G$644,"")>0,"غ",IF(COUNTIFS(الإدخال!$A$5:$A$644,D$5,الإدخال!$D$5:$D$644,$A14,الإدخال!$F$5:$F$644,"معتذر",الإدخال!$G$5:$G$644,"")>0,"ع",IF(SUMIFS(الإدخال!$P$5:$P$644,الإدخال!$A$5:$A$644,D$5,الإدخال!$D$5:$D$644,$A14)>0,SUMIFS(الإدخال!$O$5:$O$644,الإدخال!$A$5:$A$644,D$5,الإدخال!$D$5:$D$644,$A14)/100,"")))) -> 0 | E14: =IF($A14="","",IF(COUNTIFS(الإدخال!$A$5:$A$644,E$5,الإدخال!$D$5:$D$644,$A14,الإدخال!$F$5:$F$644,"غائب",الإدخال!$G$5:$G$644,"")>0,"غ",IF(COUNTIFS(الإدخال!$A$5:$A$644,E$5,الإدخال!$D$5:$D$644,$A14,الإدخال!$F$5:$F$644,"معتذر",الإدخال!$G$5:$G$644,"")>0,"ع",IF(SUMIFS(الإدخال!$P$5:$P$644,الإدخال!$A$5:$A$644,E$5,الإدخال!$D$5:$D$644,$A14)>0,SUMIFS(الإدخال!$O$5:$O$644,الإدخال!$A$5:$A$644,E$5,الإدخال!$D$5:$D$644,$A14)/100,"")))) -> 0.15 | F14: =IF($A14="","",IF(COUNTIFS(الإدخال!$A$5:$A$644,F$5,الإدخال!$D$5:$D$644,$A14,الإدخال!$F$5:$F$644,"غائب",الإدخال!$G$5:$G$644,"")>0,"غ",IF(COUNTIFS(الإدخال!$A$5:$A$644,F$5,الإدخال!$D$5:$D$644,$A14,الإدخال!$F$5:$F$644,"معتذر",الإدخال!$G$5:$G$644,"")>0,"ع",IF(SUMIFS(الإدخال!$P$5:$P$644,الإدخال!$A$5:$A$644,F$5,الإدخال!$D$5:$D$644,$A14)>0,SUMIFS(الإدخال!$O$5:$O$644,الإدخال!$A$5:$A$644,F$5,الإدخال!$D$5:$D$644,$A14)/100,"")))) | G14: =IF($A14="","",IF(COUNTIFS(الإدخال!$A$5:$A$644,G$5,الإدخال!$D$5:$D$644,$A14,الإدخال!$F$5:$F$644,"غائب",الإدخال!$G$5:$G$644,"")>0,"غ",IF(COUNTIFS(الإدخال!$A$5:$A$644,G$5,الإدخال!$D$5:$D$644,$A14,الإدخال!$F$5:$F$644,"معتذر",الإدخال!$G$5:$G$644,"")>0,"ع",IF(SUMIFS(الإدخال!$P$5:$P$644,الإدخال!$A$5:$A$644,G$5,الإدخال!$D$5:$D$644,$A14)>0,SUMIFS(الإدخال!$O$5:$O$644,الإدخال!$A$5:$A$644,G$5,الإدخال!$D$5:$D$644,$A14)/100,"")))) | H14: =IF($A14="","",IF(COUNTIFS(الإدخال!$A$5:$A$644,H$5,الإدخال!$D$5:$D$644,$A14,الإدخال!$F$5:$F$644,"غائب",الإدخال!$G$5:$G$644,"")>0,"غ",IF(COUNTIFS(الإدخال!$A$5:$A$644,H$5,الإدخال!$D$5:$D$644,$A14,الإدخال!$F$5:$F$644,"معتذر",الإدخال!$G$5:$G$644,"")>0,"ع",IF(SUMIFS(الإدخال!$P$5:$P$644,الإدخال!$A$5:$A$644,H$5,الإدخال!$D$5:$D$644,$A14)>0,SUMIFS(الإدخال!$O$5:$O$644,الإدخال!$A$5:$A$644,H$5,الإدخال!$D$5:$D$644,$A14)/100,"")))) | I14: =IF($A14="","",IF(COUNTIFS(الإدخال!$A$5:$A$644,I$5,الإدخال!$D$5:$D$644,$A14,الإدخال!$F$5:$F$644,"غائب",الإدخال!$G$5:$G$644,"")>0,"غ",IF(COUNTIFS(الإدخال!$A$5:$A$644,I$5,الإدخال!$D$5:$D$644,$A14,الإدخال!$F$5:$F$644,"معتذر",الإدخال!$G$5:$G$644,"")>0,"ع",IF(SUMIFS(الإدخال!$P$5:$P$644,الإدخال!$A$5:$A$644,I$5,الإدخال!$D$5:$D$644,$A14)>0,SUMIFS(الإدخال!$O$5:$O$644,الإدخال!$A$5:$A$644,I$5,الإدخال!$D$5:$D$644,$A14)/100,"")))) | J14: =IF($A14="","",IF(COUNTIFS(الإدخال!$A$5:$A$644,J$5,الإدخال!$D$5:$D$644,$A14,الإدخال!$F$5:$F$644,"غائب",الإدخال!$G$5:$G$644,"")>0,"غ",IF(COUNTIFS(الإدخال!$A$5:$A$644,J$5,الإدخال!$D$5:$D$644,$A14,الإدخال!$F$5:$F$644,"معتذر",الإدخال!$G$5:$G$644,"")>0,"ع",IF(SUMIFS(الإدخال!$P$5:$P$644,الإدخال!$A$5:$A$644,J$5,الإدخال!$D$5:$D$644,$A14)>0,SUMIFS(الإدخال!$O$5:$O$644,الإدخال!$A$5:$A$644,J$5,الإدخال!$D$5:$D$644,$A14)/100,"")))) | K14: =IF($A14="","",IF(COUNTIFS(الإدخال!$A$5:$A$644,K$5,الإدخال!$D$5:$D$644,$A14,الإدخال!$F$5:$F$644,"غائب",الإدخال!$G$5:$G$644,"")>0,"غ",IF(COUNTIFS(الإدخال!$A$5:$A$644,K$5,الإدخال!$D$5:$D$644,$A14,الإدخال!$F$5:$F$644,"معتذر",الإدخال!$G$5:$G$644,"")>0,"ع",IF(SUMIFS(الإدخال!$P$5:$P$644,الإدخال!$A$5:$A$644,K$5,الإدخال!$D$5:$D$644,$A14)>0,SUMIFS(الإدخال!$O$5:$O$644,الإدخال!$A$5:$A$644,K$5,الإدخال!$D$5:$D$644,$A14)/100,"")))) | ... S14: =IF($A14="","",IF(COUNTIFS(الإدخال!$A$5:$A$644,S$5,الإدخال!$D$5:$D$644,$A14,الإدخال!$F$5:$F$644,"غائب",الإدخال!$G$5:$G$644,"")>0,"غ",IF(COUNTIFS(الإدخال!$A$5:$A$644,S$5,الإدخال!$D$5:$D$644,$A14,الإدخال!$F$5:$F$644,"معتذر",الإدخال!$G$5:$G$644,"")>0,"ع",IF(SUMIFS(الإدخال!$P$5:$P$644,الإدخال!$A$5:$A$644,S$5,الإدخال!$D$5:$D$644,$A14)>0,SUMIFS(الإدخال!$O$5:$O$644,الإدخال!$A$5:$A$644,S$5,الإدخال!$D$5:$D$644,$A14)/100,"")))) | T14: =IF($A14="","",IFERROR(SUMIFS(الإدخال!$O$5:$O$644,الإدخال!$D$5:$D$644,$A14)/SUMIFS(الإدخال!$P$5:$P$644,الإدخال!$D$5:$D$644,$A14)/100,"")) -> 0.075 | U14: =IF(T14="","",IF(T14>=0.9,"ممتاز",IF(T14>=0.8,"جيد جدًا",IF(T14>=0.7,"جيد",IF(T14>=0.6,"مقبول","يحتاج متابعة"))))) -> يحتاج متابعة | V14: =IF($A14="","",SUMIFS(الإدخال!$N$5:$N$644,الإدخال!$D$5:$D$644,$A14)) -> 0 | W14: =IF($A14="","",COUNTIFS(الإدخال!$D$5:$D$644,$A14,الإدخال!$F$5:$F$644,"متأخر")) -> 0 | X14: =IF($A14="","",COUNTIFS(الإدخال!$D$5:$D$644,$A14,الإدخال!$F$5:$F$644,"غائب")) -> 0 | Y14: =IF($A14="","",COUNTIFS(الإدخال!$D$5:$D$644,$A14,الإدخال!$F$5:$F$644,"معتذر")) -> 2 | Z14: =IF($A14="","",SUMIFS(الإدخال!$H$5:$H$644,الإدخال!$D$5:$D$644,$A14,الإدخال!$N$5:$N$644,1)) -> 0 | AA14: =IF($A14="","",SUMIFS(الإدخال!$I$5:$I$644,الإدخال!$D$5:$D$644,$A14,الإدخال!$N$5:$N$644,1)) -> 0 | AB14: =IF($A14="","",SUMIFS(الإدخال!$J$5:$J$644,الإدخال!$D$5:$D$644,$A14,الإدخال!$N$5:$N$644,1)) -> 0 | AC14: =IFERROR(MATCH($C$3&"|9",الطلاب!$E$5:$E$44,0),"") -> 9
A15: =IF($AC15="","",INDEX(الطلاب!$A$5:$A$44,$AC15)) -> 10 | B15: =IF($AC15="","",INDEX(الطلاب!$B$5:$B$44,$AC15)) -> محمد الثنيان | C15: =IF($AC15="","",INDEX(الطلاب!$D$5:$D$44,$AC15)) -> حسان بن ثابت | D15: =IF($A15="","",IF(COUNTIFS(الإدخال!$A$5:$A$644,D$5,الإدخال!$D$5:$D$644,$A15,الإدخال!$F$5:$F$644,"غائب",الإدخال!$G$5:$G$644,"")>0,"غ",IF(COUNTIFS(الإدخال!$A$5:$A$644,D$5,الإدخال!$D$5:$D$644,$A15,الإدخال!$F$5:$F$644,"معتذر",الإدخال!$G$5:$G$644,"")>0,"ع",IF(SUMIFS(الإدخال!$P$5:$P$644,الإدخال!$A$5:$A$644,D$5,الإدخال!$D$5:$D$644,$A15)>0,SUMIFS(الإدخال!$O$5:$O$644,الإدخال!$A$5:$A$644,D$5,الإدخال!$D$5:$D$644,$A15)/100,"")))) -> 0.94 | E15: =IF($A15="","",IF(COUNTIFS(الإدخال!$A$5:$A$644,E$5,الإدخال!$D$5:$D$644,$A15,الإدخال!$F$5:$F$644,"غائب",الإدخال!$G$5:$G$644,"")>0,"غ",IF(COUNTIFS(الإدخال!$A$5:$A$644,E$5,الإدخال!$D$5:$D$644,$A15,الإدخال!$F$5:$F$644,"معتذر",الإدخال!$G$5:$G$644,"")>0,"ع",IF(SUMIFS(الإدخال!$P$5:$P$644,الإدخال!$A$5:$A$644,E$5,الإدخال!$D$5:$D$644,$A15)>0,SUMIFS(الإدخال!$O$5:$O$644,الإدخال!$A$5:$A$644,E$5,الإدخال!$D$5:$D$644,$A15)/100,"")))) -> 0.99 | F15: =IF($A15="","",IF(COUNTIFS(الإدخال!$A$5:$A$644,F$5,الإدخال!$D$5:$D$644,$A15,الإدخال!$F$5:$F$644,"غائب",الإدخال!$G$5:$G$644,"")>0,"غ",IF(COUNTIFS(الإدخال!$A$5:$A$644,F$5,الإدخال!$D$5:$D$644,$A15,الإدخال!$F$5:$F$644,"معتذر",الإدخال!$G$5:$G$644,"")>0,"ع",IF(SUMIFS(الإدخال!$P$5:$P$644,الإدخال!$A$5:$A$644,F$5,الإدخال!$D$5:$D$644,$A15)>0,SUMIFS(الإدخال!$O$5:$O$644,الإدخال!$A$5:$A$644,F$5,الإدخال!$D$5:$D$644,$A15)/100,"")))) | G15: =IF($A15="","",IF(COUNTIFS(الإدخال!$A$5:$A$644,G$5,الإدخال!$D$5:$D$644,$A15,الإدخال!$F$5:$F$644,"غائب",الإدخال!$G$5:$G$644,"")>0,"غ",IF(COUNTIFS(الإدخال!$A$5:$A$644,G$5,الإدخال!$D$5:$D$644,$A15,الإدخال!$F$5:$F$644,"معتذر",الإدخال!$G$5:$G$644,"")>0,"ع",IF(SUMIFS(الإدخال!$P$5:$P$644,الإدخال!$A$5:$A$644,G$5,الإدخال!$D$5:$D$644,$A15)>0,SUMIFS(الإدخال!$O$5:$O$644,الإدخال!$A$5:$A$644,G$5,الإدخال!$D$5:$D$644,$A15)/100,"")))) | H15: =IF($A15="","",IF(COUNTIFS(الإدخال!$A$5:$A$644,H$5,الإدخال!$D$5:$D$644,$A15,الإدخال!$F$5:$F$644,"غائب",الإدخال!$G$5:$G$644,"")>0,"غ",IF(COUNTIFS(الإدخال!$A$5:$A$644,H$5,الإدخال!$D$5:$D$644,$A15,الإدخال!$F$5:$F$644,"معتذر",الإدخال!$G$5:$G$644,"")>0,"ع",IF(SUMIFS(الإدخال!$P$5:$P$644,الإدخال!$A$5:$A$644,H$5,الإدخال!$D$5:$D$644,$A15)>0,SUMIFS(الإدخال!$O$5:$O$644,الإدخال!$A$5:$A$644,H$5,الإدخال!$D$5:$D$644,$A15)/100,"")))) | I15: =IF($A15="","",IF(COUNTIFS(الإدخال!$A$5:$A$644,I$5,الإدخال!$D$5:$D$644,$A15,الإدخال!$F$5:$F$644,"غائب",الإدخال!$G$5:$G$644,"")>0,"غ",IF(COUNTIFS(الإدخال!$A$5:$A$644,I$5,الإدخال!$D$5:$D$644,$A15,الإدخال!$F$5:$F$644,"معتذر",الإدخال!$G$5:$G$644,"")>0,"ع",IF(SUMIFS(الإدخال!$P$5:$P$644,الإدخال!$A$5:$A$644,I$5,الإدخال!$D$5:$D$644,$A15)>0,SUMIFS(الإدخال!$O$5:$O$644,الإدخال!$A$5:$A$644,I$5,الإدخال!$D$5:$D$644,$A15)/100,"")))) | J15: =IF($A15="","",IF(COUNTIFS(الإدخال!$A$5:$A$644,J$5,الإدخال!$D$5:$D$644,$A15,الإدخال!$F$5:$F$644,"غائب",الإدخال!$G$5:$G$644,"")>0,"غ",IF(COUNTIFS(الإدخال!$A$5:$A$644,J$5,الإدخال!$D$5:$D$644,$A15,الإدخال!$F$5:$F$644,"معتذر",الإدخال!$G$5:$G$644,"")>0,"ع",IF(SUMIFS(الإدخال!$P$5:$P$644,الإدخال!$A$5:$A$644,J$5,الإدخال!$D$5:$D$644,$A15)>0,SUMIFS(الإدخال!$O$5:$O$644,الإدخال!$A$5:$A$644,J$5,الإدخال!$D$5:$D$644,$A15)/100,"")))) | K15: =IF($A15="","",IF(COUNTIFS(الإدخال!$A$5:$A$644,K$5,الإدخال!$D$5:$D$644,$A15,الإدخال!$F$5:$F$644,"غائب",الإدخال!$G$5:$G$644,"")>0,"غ",IF(COUNTIFS(الإدخال!$A$5:$A$644,K$5,الإدخال!$D$5:$D$644,$A15,الإدخال!$F$5:$F$644,"معتذر",الإدخال!$G$5:$G$644,"")>0,"ع",IF(SUMIFS(الإدخال!$P$5:$P$644,الإدخال!$A$5:$A$644,K$5,الإدخال!$D$5:$D$644,$A15)>0,SUMIFS(الإدخال!$O$5:$O$644,الإدخال!$A$5:$A$644,K$5,الإدخال!$D$5:$D$644,$A15)/100,"")))) | ... S15: =IF($A15="","",IF(COUNTIFS(الإدخال!$A$5:$A$644,S$5,الإدخال!$D$5:$D$644,$A15,الإدخال!$F$5:$F$644,"غائب",الإدخال!$G$5:$G$644,"")>0,"غ",IF(COUNTIFS(الإدخال!$A$5:$A$644,S$5,الإدخال!$D$5:$D$644,$A15,الإدخال!$F$5:$F$644,"معتذر",الإدخال!$G$5:$G$644,"")>0,"ع",IF(SUMIFS(الإدخال!$P$5:$P$644,الإدخال!$A$5:$A$644,S$5,الإدخال!$D$5:$D$644,$A15)>0,SUMIFS(الإدخال!$O$5:$O$644,الإدخال!$A$5:$A$644,S$5,الإدخال!$D$5:$D$644,$A15)/100,"")))) | T15: =IF($A15="","",IFERROR(SUMIFS(الإدخال!$O$5:$O$644,الإدخال!$D$5:$D$644,$A15)/SUMIFS(الإدخال!$P$5:$P$644,الإدخال!$D$5:$D$644,$A15)/100,"")) -> 0.965 | U15: =IF(T15="","",IF(T15>=0.9,"ممتاز",IF(T15>=0.8,"جيد جدًا",IF(T15>=0.7,"جيد",IF(T15>=0.6,"مقبول","يحتاج متابعة"))))) -> ممتاز | V15: =IF($A15="","",SUMIFS(الإدخال!$N$5:$N$644,الإدخال!$D$5:$D$644,$A15)) -> 2 | W15: =IF($A15="","",COUNTIFS(الإدخال!$D$5:$D$644,$A15,الإدخال!$F$5:$F$644,"متأخر")) -> 0 | X15: =IF($A15="","",COUNTIFS(الإدخال!$D$5:$D$644,$A15,الإدخال!$F$5:$F$644,"غائب")) -> 0 | Y15: =IF($A15="","",COUNTIFS(الإدخال!$D$5:$D$644,$A15,الإدخال!$F$5:$F$644,"معتذر")) -> 0 | Z15: =IF($A15="","",SUMIFS(الإدخال!$H$5:$H$644,الإدخال!$D$5:$D$644,$A15,الإدخال!$N$5:$N$644,1)) -> 8 | AA15: =IF($A15="","",SUMIFS(الإدخال!$I$5:$I$644,الإدخال!$D$5:$D$644,$A15,الإدخال!$N$5:$N$644,1)) -> 38 | AB15: =IF($A15="","",SUMIFS(الإدخال!$J$5:$J$644,الإدخال!$D$5:$D$644,$A15,الإدخال!$N$5:$N$644,1)) -> 0 | AC15: =IFERROR(MATCH($C$3&"|10",الطلاب!$E$5:$E$44,0),"") -> 10
A16: =IF($AC16="","",INDEX(الطلاب!$A$5:$A$44,$AC16)) -> 11 | B16: =IF($AC16="","",INDEX(الطلاب!$B$5:$B$44,$AC16)) -> كنان الجريفاني | C16: =IF($AC16="","",INDEX(الطلاب!$D$5:$D$44,$AC16)) -> حسان بن ثابت | D16: =IF($A16="","",IF(COUNTIFS(الإدخال!$A$5:$A$644,D$5,الإدخال!$D$5:$D$644,$A16,الإدخال!$F$5:$F$644,"غائب",الإدخال!$G$5:$G$644,"")>0,"غ",IF(COUNTIFS(الإدخال!$A$5:$A$644,D$5,الإدخال!$D$5:$D$644,$A16,الإدخال!$F$5:$F$644,"معتذر",الإدخال!$G$5:$G$644,"")>0,"ع",IF(SUMIFS(الإدخال!$P$5:$P$644,الإدخال!$A$5:$A$644,D$5,الإدخال!$D$5:$D$644,$A16)>0,SUMIFS(الإدخال!$O$5:$O$644,الإدخال!$A$5:$A$644,D$5,الإدخال!$D$5:$D$644,$A16)/100,"")))) -> 0.85 | E16: =IF($A16="","",IF(COUNTIFS(الإدخال!$A$5:$A$644,E$5,الإدخال!$D$5:$D$644,$A16,الإدخال!$F$5:$F$644,"غائب",الإدخال!$G$5:$G$644,"")>0,"غ",IF(COUNTIFS(الإدخال!$A$5:$A$644,E$5,الإدخال!$D$5:$D$644,$A16,الإدخال!$F$5:$F$644,"معتذر",الإدخال!$G$5:$G$644,"")>0,"ع",IF(SUMIFS(الإدخال!$P$5:$P$644,الإدخال!$A$5:$A$644,E$5,الإدخال!$D$5:$D$644,$A16)>0,SUMIFS(الإدخال!$O$5:$O$644,الإدخال!$A$5:$A$644,E$5,الإدخال!$D$5:$D$644,$A16)/100,"")))) -> 0.99 | F16: =IF($A16="","",IF(COUNTIFS(الإدخال!$A$5:$A$644,F$5,الإدخال!$D$5:$D$644,$A16,الإدخال!$F$5:$F$644,"غائب",الإدخال!$G$5:$G$644,"")>0,"غ",IF(COUNTIFS(الإدخال!$A$5:$A$644,F$5,الإدخال!$D$5:$D$644,$A16,الإدخال!$F$5:$F$644,"معتذر",الإدخال!$G$5:$G$644,"")>0,"ع",IF(SUMIFS(الإدخال!$P$5:$P$644,الإدخال!$A$5:$A$644,F$5,الإدخال!$D$5:$D$644,$A16)>0,SUMIFS(الإدخال!$O$5:$O$644,الإدخال!$A$5:$A$644,F$5,الإدخال!$D$5:$D$644,$A16)/100,"")))) | G16: =IF($A16="","",IF(COUNTIFS(الإدخال!$A$5:$A$644,G$5,الإدخال!$D$5:$D$644,$A16,الإدخال!$F$5:$F$644,"غائب",الإدخال!$G$5:$G$644,"")>0,"غ",IF(COUNTIFS(الإدخال!$A$5:$A$644,G$5,الإدخال!$D$5:$D$644,$A16,الإدخال!$F$5:$F$644,"معتذر",الإدخال!$G$5:$G$644,"")>0,"ع",IF(SUMIFS(الإدخال!$P$5:$P$644,الإدخال!$A$5:$A$644,G$5,الإدخال!$D$5:$D$644,$A16)>0,SUMIFS(الإدخال!$O$5:$O$644,الإدخال!$A$5:$A$644,G$5,الإدخال!$D$5:$D$644,$A16)/100,"")))) | H16: =IF($A16="","",IF(COUNTIFS(الإدخال!$A$5:$A$644,H$5,الإدخال!$D$5:$D$644,$A16,الإدخال!$F$5:$F$644,"غائب",الإدخال!$G$5:$G$644,"")>0,"غ",IF(COUNTIFS(الإدخال!$A$5:$A$644,H$5,الإدخال!$D$5:$D$644,$A16,الإدخال!$F$5:$F$644,"معتذر",الإدخال!$G$5:$G$644,"")>0,"ع",IF(SUMIFS(الإدخال!$P$5:$P$644,الإدخال!$A$5:$A$644,H$5,الإدخال!$D$5:$D$644,$A16)>0,SUMIFS(الإدخال!$O$5:$O$644,الإدخال!$A$5:$A$644,H$5,الإدخال!$D$5:$D$644,$A16)/100,"")))) | I16: =IF($A16="","",IF(COUNTIFS(الإدخال!$A$5:$A$644,I$5,الإدخال!$D$5:$D$644,$A16,الإدخال!$F$5:$F$644,"غائب",الإدخال!$G$5:$G$644,"")>0,"غ",IF(COUNTIFS(الإدخال!$A$5:$A$644,I$5,الإدخال!$D$5:$D$644,$A16,الإدخال!$F$5:$F$644,"معتذر",الإدخال!$G$5:$G$644,"")>0,"ع",IF(SUMIFS(الإدخال!$P$5:$P$644,الإدخال!$A$5:$A$644,I$5,الإدخال!$D$5:$D$644,$A16)>0,SUMIFS(الإدخال!$O$5:$O$644,الإدخال!$A$5:$A$644,I$5,الإدخال!$D$5:$D$644,$A16)/100,"")))) | J16: =IF($A16="","",IF(COUNTIFS(الإدخال!$A$5:$A$644,J$5,الإدخال!$D$5:$D$644,$A16,الإدخال!$F$5:$F$644,"غائب",الإدخال!$G$5:$G$644,"")>0,"غ",IF(COUNTIFS(الإدخال!$A$5:$A$644,J$5,الإدخال!$D$5:$D$644,$A16,الإدخال!$F$5:$F$644,"معتذر",الإدخال!$G$5:$G$644,"")>0,"ع",IF(SUMIFS(الإدخال!$P$5:$P$644,الإدخال!$A$5:$A$644,J$5,الإدخال!$D$5:$D$644,$A16)>0,SUMIFS(الإدخال!$O$5:$O$644,الإدخال!$A$5:$A$644,J$5,الإدخال!$D$5:$D$644,$A16)/100,"")))) | K16: =IF($A16="","",IF(COUNTIFS(الإدخال!$A$5:$A$644,K$5,الإدخال!$D$5:$D$644,$A16,الإدخال!$F$5:$F$644,"غائب",الإدخال!$G$5:$G$644,"")>0,"غ",IF(COUNTIFS(الإدخال!$A$5:$A$644,K$5,الإدخال!$D$5:$D$644,$A16,الإدخال!$F$5:$F$644,"معتذر",الإدخال!$G$5:$G$644,"")>0,"ع",IF(SUMIFS(الإدخال!$P$5:$P$644,الإدخال!$A$5:$A$644,K$5,الإدخال!$D$5:$D$644,$A16)>0,SUMIFS(الإدخال!$O$5:$O$644,الإدخال!$A$5:$A$644,K$5,الإدخال!$D$5:$D$644,$A16)/100,"")))) | ... S16: =IF($A16="","",IF(COUNTIFS(الإدخال!$A$5:$A$644,S$5,الإدخال!$D$5:$D$644,$A16,الإدخال!$F$5:$F$644,"غائب",الإدخال!$G$5:$G$644,"")>0,"غ",IF(COUNTIFS(الإدخال!$A$5:$A$644,S$5,الإدخال!$D$5:$D$644,$A16,الإدخال!$F$5:$F$644,"معتذر",الإدخال!$G$5:$G$644,"")>0,"ع",IF(SUMIFS(الإدخال!$P$5:$P$644,الإدخال!$A$5:$A$644,S$5,الإدخال!$D$5:$D$644,$A16)>0,SUMIFS(الإدخال!$O$5:$O$644,الإدخال!$A$5:$A$644,S$5,الإدخال!$D$5:$D$644,$A16)/100,"")))) | T16: =IF($A16="","",IFERROR(SUMIFS(الإدخال!$O$5:$O$644,الإدخال!$D$5:$D$644,$A16)/SUMIFS(الإدخال!$P$5:$P$644,الإدخال!$D$5:$D$644,$A16)/100,"")) -> 0.92 | U16: =IF(T16="","",IF(T16>=0.9,"ممتاز",IF(T16>=0.8,"جيد جدًا",IF(T16>=0.7,"جيد",IF(T16>=0.6,"مقبول","يحتاج متابعة"))))) -> ممتاز | V16: =IF($A16="","",SUMIFS(الإدخال!$N$5:$N$644,الإدخال!$D$5:$D$644,$A16)) -> 2 | W16: =IF($A16="","",COUNTIFS(الإدخال!$D$5:$D$644,$A16,الإدخال!$F$5:$F$644,"متأخر")) -> 0 | X16: =IF($A16="","",COUNTIFS(الإدخال!$D$5:$D$644,$A16,الإدخال!$F$5:$F$644,"غائب")) -> 0 | Y16: =IF($A16="","",COUNTIFS(الإدخال!$D$5:$D$644,$A16,الإدخال!$F$5:$F$644,"معتذر")) -> 0 | Z16: =IF($A16="","",SUMIFS(الإدخال!$H$5:$H$644,الإدخال!$D$5:$D$644,$A16,الإدخال!$N$5:$N$644,1)) -> 3 | AA16: =IF($A16="","",SUMIFS(الإدخال!$I$5:$I$644,الإدخال!$D$5:$D$644,$A16,الإدخال!$N$5:$N$644,1)) -> 57 | AB16: =IF($A16="","",SUMIFS(الإدخال!$J$5:$J$644,الإدخال!$D$5:$D$644,$A16,الإدخال!$N$5:$N$644,1)) -> 0 | AC16: =IFERROR(MATCH($C$3&"|11",الطلاب!$E$5:$E$44,0),"") -> 11
A17: =IF($AC17="","",INDEX(الطلاب!$A$5:$A$44,$AC17)) -> 12 | B17: =IF($AC17="","",INDEX(الطلاب!$B$5:$B$44,$AC17)) -> عبدالمجيد الربعي | C17: =IF($AC17="","",INDEX(الطلاب!$D$5:$D$44,$AC17)) -> حسان بن ثابت | D17: =IF($A17="","",IF(COUNTIFS(الإدخال!$A$5:$A$644,D$5,الإدخال!$D$5:$D$644,$A17,الإدخال!$F$5:$F$644,"غائب",الإدخال!$G$5:$G$644,"")>0,"غ",IF(COUNTIFS(الإدخال!$A$5:$A$644,D$5,الإدخال!$D$5:$D$644,$A17,الإدخال!$F$5:$F$644,"معتذر",الإدخال!$G$5:$G$644,"")>0,"ع",IF(SUMIFS(الإدخال!$P$5:$P$644,الإدخال!$A$5:$A$644,D$5,الإدخال!$D$5:$D$644,$A17)>0,SUMIFS(الإدخال!$O$5:$O$644,الإدخال!$A$5:$A$644,D$5,الإدخال!$D$5:$D$644,$A17)/100,"")))) -> 0.54 | E17: =IF($A17="","",IF(COUNTIFS(الإدخال!$A$5:$A$644,E$5,الإدخال!$D$5:$D$644,$A17,الإدخال!$F$5:$F$644,"غائب",الإدخال!$G$5:$G$644,"")>0,"غ",IF(COUNTIFS(الإدخال!$A$5:$A$644,E$5,الإدخال!$D$5:$D$644,$A17,الإدخال!$F$5:$F$644,"معتذر",الإدخال!$G$5:$G$644,"")>0,"ع",IF(SUMIFS(الإدخال!$P$5:$P$644,الإدخال!$A$5:$A$644,E$5,الإدخال!$D$5:$D$644,$A17)>0,SUMIFS(الإدخال!$O$5:$O$644,الإدخال!$A$5:$A$644,E$5,الإدخال!$D$5:$D$644,$A17)/100,"")))) -> 0.7 | F17: =IF($A17="","",IF(COUNTIFS(الإدخال!$A$5:$A$644,F$5,الإدخال!$D$5:$D$644,$A17,الإدخال!$F$5:$F$644,"غائب",الإدخال!$G$5:$G$644,"")>0,"غ",IF(COUNTIFS(الإدخال!$A$5:$A$644,F$5,الإدخال!$D$5:$D$644,$A17,الإدخال!$F$5:$F$644,"معتذر",الإدخال!$G$5:$G$644,"")>0,"ع",IF(SUMIFS(الإدخال!$P$5:$P$644,الإدخال!$A$5:$A$644,F$5,الإدخال!$D$5:$D$644,$A17)>0,SUMIFS(الإدخال!$O$5:$O$644,الإدخال!$A$5:$A$644,F$5,الإدخال!$D$5:$D$644,$A17)/100,"")))) | G17: =IF($A17="","",IF(COUNTIFS(الإدخال!$A$5:$A$644,G$5,الإدخال!$D$5:$D$644,$A17,الإدخال!$F$5:$F$644,"غائب",الإدخال!$G$5:$G$644,"")>0,"غ",IF(COUNTIFS(الإدخال!$A$5:$A$644,G$5,الإدخال!$D$5:$D$644,$A17,الإدخال!$F$5:$F$644,"معتذر",الإدخال!$G$5:$G$644,"")>0,"ع",IF(SUMIFS(الإدخال!$P$5:$P$644,الإدخال!$A$5:$A$644,G$5,الإدخال!$D$5:$D$644,$A17)>0,SUMIFS(الإدخال!$O$5:$O$644,الإدخال!$A$5:$A$644,G$5,الإدخال!$D$5:$D$644,$A17)/100,"")))) | H17: =IF($A17="","",IF(COUNTIFS(الإدخال!$A$5:$A$644,H$5,الإدخال!$D$5:$D$644,$A17,الإدخال!$F$5:$F$644,"غائب",الإدخال!$G$5:$G$644,"")>0,"غ",IF(COUNTIFS(الإدخال!$A$5:$A$644,H$5,الإدخال!$D$5:$D$644,$A17,الإدخال!$F$5:$F$644,"معتذر",الإدخال!$G$5:$G$644,"")>0,"ع",IF(SUMIFS(الإدخال!$P$5:$P$644,الإدخال!$A$5:$A$644,H$5,الإدخال!$D$5:$D$644,$A17)>0,SUMIFS(الإدخال!$O$5:$O$644,الإدخال!$A$5:$A$644,H$5,الإدخال!$D$5:$D$644,$A17)/100,"")))) | I17: =IF($A17="","",IF(COUNTIFS(الإدخال!$A$5:$A$644,I$5,الإدخال!$D$5:$D$644,$A17,الإدخال!$F$5:$F$644,"غائب",الإدخال!$G$5:$G$644,"")>0,"غ",IF(COUNTIFS(الإدخال!$A$5:$A$644,I$5,الإدخال!$D$5:$D$644,$A17,الإدخال!$F$5:$F$644,"معتذر",الإدخال!$G$5:$G$644,"")>0,"ع",IF(SUMIFS(الإدخال!$P$5:$P$644,الإدخال!$A$5:$A$644,I$5,الإدخال!$D$5:$D$644,$A17)>0,SUMIFS(الإدخال!$O$5:$O$644,الإدخال!$A$5:$A$644,I$5,الإدخال!$D$5:$D$644,$A17)/100,"")))) | J17: =IF($A17="","",IF(COUNTIFS(الإدخال!$A$5:$A$644,J$5,الإدخال!$D$5:$D$644,$A17,الإدخال!$F$5:$F$644,"غائب",الإدخال!$G$5:$G$644,"")>0,"غ",IF(COUNTIFS(الإدخال!$A$5:$A$644,J$5,الإدخال!$D$5:$D$644,$A17,الإدخال!$F$5:$F$644,"معتذر",الإدخال!$G$5:$G$644,"")>0,"ع",IF(SUMIFS(الإدخال!$P$5:$P$644,الإدخال!$A$5:$A$644,J$5,الإدخال!$D$5:$D$644,$A17)>0,SUMIFS(الإدخال!$O$5:$O$644,الإدخال!$A$5:$A$644,J$5,الإدخال!$D$5:$D$644,$A17)/100,"")))) | K17: =IF($A17="","",IF(COUNTIFS(الإدخال!$A$5:$A$644,K$5,الإدخال!$D$5:$D$644,$A17,الإدخال!$F$5:$F$644,"غائب",الإدخال!$G$5:$G$644,"")>0,"غ",IF(COUNTIFS(الإدخال!$A$5:$A$644,K$5,الإدخال!$D$5:$D$644,$A17,الإدخال!$F$5:$F$644,"معتذر",الإدخال!$G$5:$G$644,"")>0,"ع",IF(SUMIFS(الإدخال!$P$5:$P$644,الإدخال!$A$5:$A$644,K$5,الإدخال!$D$5:$D$644,$A17)>0,SUMIFS(الإدخال!$O$5:$O$644,الإدخال!$A$5:$A$644,K$5,الإدخال!$D$5:$D$644,$A17)/100,"")))) | ... S17: =IF($A17="","",IF(COUNTIFS(الإدخال!$A$5:$A$644,S$5,الإدخال!$D$5:$D$644,$A17,الإدخال!$F$5:$F$644,"غائب",الإدخال!$G$5:$G$644,"")>0,"غ",IF(COUNTIFS(الإدخال!$A$5:$A$644,S$5,الإدخال!$D$5:$D$644,$A17,الإدخال!$F$5:$F$644,"معتذر",الإدخال!$G$5:$G$644,"")>0,"ع",IF(SUMIFS(الإدخال!$P$5:$P$644,الإدخال!$A$5:$A$644,S$5,الإدخال!$D$5:$D$644,$A17)>0,SUMIFS(الإدخال!$O$5:$O$644,الإدخال!$A$5:$A$644,S$5,الإدخال!$D$5:$D$644,$A17)/100,"")))) | T17: =IF($A17="","",IFERROR(SUMIFS(الإدخال!$O$5:$O$644,الإدخال!$D$5:$D$644,$A17)/SUMIFS(الإدخال!$P$5:$P$644,الإدخال!$D$5:$D$644,$A17)/100,"")) -> 0.62 | U17: =IF(T17="","",IF(T17>=0.9,"ممتاز",IF(T17>=0.8,"جيد جدًا",IF(T17>=0.7,"جيد",IF(T17>=0.6,"مقبول","يحتاج متابعة"))))) -> مقبول | V17: =IF($A17="","",SUMIFS(الإدخال!$N$5:$N$644,الإدخال!$D$5:$D$644,$A17)) -> 2 | W17: =IF($A17="","",COUNTIFS(الإدخال!$D$5:$D$644,$A17,الإدخال!$F$5:$F$644,"متأخر")) -> 0 | X17: =IF($A17="","",COUNTIFS(الإدخال!$D$5:$D$644,$A17,الإدخال!$F$5:$F$644,"غائب")) -> 0 | Y17: =IF($A17="","",COUNTIFS(الإدخال!$D$5:$D$644,$A17,الإدخال!$F$5:$F$644,"معتذر")) -> 0 | Z17: =IF($A17="","",SUMIFS(الإدخال!$H$5:$H$644,الإدخال!$D$5:$D$644,$A17,الإدخال!$N$5:$N$644,1)) -> 5 | AA17: =IF($A17="","",SUMIFS(الإدخال!$I$5:$I$644,الإدخال!$D$5:$D$644,$A17,الإدخال!$N$5:$N$644,1)) -> 80 | AB17: =IF($A17="","",SUMIFS(الإدخال!$J$5:$J$644,الإدخال!$D$5:$D$644,$A17,الإدخال!$N$5:$N$644,1)) -> 0 | AC17: =IFERROR(MATCH($C$3&"|12",الطلاب!$E$5:$E$44,0),"") -> 12
A18: =IF($AC18="","",INDEX(الطلاب!$A$5:$A$44,$AC18)) -> 13 | B18: =IF($AC18="","",INDEX(الطلاب!$B$5:$B$44,$AC18)) -> عبدالله التويجري | C18: =IF($AC18="","",INDEX(الطلاب!$D$5:$D$44,$AC18)) -> حسان بن ثابت | D18: =IF($A18="","",IF(COUNTIFS(الإدخال!$A$5:$A$644,D$5,الإدخال!$D$5:$D$644,$A18,الإدخال!$F$5:$F$644,"غائب",الإدخال!$G$5:$G$644,"")>0,"غ",IF(COUNTIFS(الإدخال!$A$5:$A$644,D$5,الإدخال!$D$5:$D$644,$A18,الإدخال!$F$5:$F$644,"معتذر",الإدخال!$G$5:$G$644,"")>0,"ع",IF(SUMIFS(الإدخال!$P$5:$P$644,الإدخال!$A$5:$A$644,D$5,الإدخال!$D$5:$D$644,$A18)>0,SUMIFS(الإدخال!$O$5:$O$644,الإدخال!$A$5:$A$644,D$5,الإدخال!$D$5:$D$644,$A18)/100,"")))) -> 0.71 | E18: =IF($A18="","",IF(COUNTIFS(الإدخال!$A$5:$A$644,E$5,الإدخال!$D$5:$D$644,$A18,الإدخال!$F$5:$F$644,"غائب",الإدخال!$G$5:$G$644,"")>0,"غ",IF(COUNTIFS(الإدخال!$A$5:$A$644,E$5,الإدخال!$D$5:$D$644,$A18,الإدخال!$F$5:$F$644,"معتذر",الإدخال!$G$5:$G$644,"")>0,"ع",IF(SUMIFS(الإدخال!$P$5:$P$644,الإدخال!$A$5:$A$644,E$5,الإدخال!$D$5:$D$644,$A18)>0,SUMIFS(الإدخال!$O$5:$O$644,الإدخال!$A$5:$A$644,E$5,الإدخال!$D$5:$D$644,$A18)/100,"")))) -> 0.15 | F18: =IF($A18="","",IF(COUNTIFS(الإدخال!$A$5:$A$644,F$5,الإدخال!$D$5:$D$644,$A18,الإدخال!$F$5:$F$644,"غائب",الإدخال!$G$5:$G$644,"")>0,"غ",IF(COUNTIFS(الإدخال!$A$5:$A$644,F$5,الإدخال!$D$5:$D$644,$A18,الإدخال!$F$5:$F$644,"معتذر",الإدخال!$G$5:$G$644,"")>0,"ع",IF(SUMIFS(الإدخال!$P$5:$P$644,الإدخال!$A$5:$A$644,F$5,الإدخال!$D$5:$D$644,$A18)>0,SUMIFS(الإدخال!$O$5:$O$644,الإدخال!$A$5:$A$644,F$5,الإدخال!$D$5:$D$644,$A18)/100,"")))) | G18: =IF($A18="","",IF(COUNTIFS(الإدخال!$A$5:$A$644,G$5,الإدخال!$D$5:$D$644,$A18,الإدخال!$F$5:$F$644,"غائب",الإدخال!$G$5:$G$644,"")>0,"غ",IF(COUNTIFS(الإدخال!$A$5:$A$644,G$5,الإدخال!$D$5:$D$644,$A18,الإدخال!$F$5:$F$644,"معتذر",الإدخال!$G$5:$G$644,"")>0,"ع",IF(SUMIFS(الإدخال!$P$5:$P$644,الإدخال!$A$5:$A$644,G$5,الإدخال!$D$5:$D$644,$A18)>0,SUMIFS(الإدخال!$O$5:$O$644,الإدخال!$A$5:$A$644,G$5,الإدخال!$D$5:$D$644,$A18)/100,"")))) | H18: =IF($A18="","",IF(COUNTIFS(الإدخال!$A$5:$A$644,H$5,الإدخال!$D$5:$D$644,$A18,الإدخال!$F$5:$F$644,"غائب",الإدخال!$G$5:$G$644,"")>0,"غ",IF(COUNTIFS(الإدخال!$A$5:$A$644,H$5,الإدخال!$D$5:$D$644,$A18,الإدخال!$F$5:$F$644,"معتذر",الإدخال!$G$5:$G$644,"")>0,"ع",IF(SUMIFS(الإدخال!$P$5:$P$644,الإدخال!$A$5:$A$644,H$5,الإدخال!$D$5:$D$644,$A18)>0,SUMIFS(الإدخال!$O$5:$O$644,الإدخال!$A$5:$A$644,H$5,الإدخال!$D$5:$D$644,$A18)/100,"")))) | I18: =IF($A18="","",IF(COUNTIFS(الإدخال!$A$5:$A$644,I$5,الإدخال!$D$5:$D$644,$A18,الإدخال!$F$5:$F$644,"غائب",الإدخال!$G$5:$G$644,"")>0,"غ",IF(COUNTIFS(الإدخال!$A$5:$A$644,I$5,الإدخال!$D$5:$D$644,$A18,الإدخال!$F$5:$F$644,"معتذر",الإدخال!$G$5:$G$644,"")>0,"ع",IF(SUMIFS(الإدخال!$P$5:$P$644,الإدخال!$A$5:$A$644,I$5,الإدخال!$D$5:$D$644,$A18)>0,SUMIFS(الإدخال!$O$5:$O$644,الإدخال!$A$5:$A$644,I$5,الإدخال!$D$5:$D$644,$A18)/100,"")))) | J18: =IF($A18="","",IF(COUNTIFS(الإدخال!$A$5:$A$644,J$5,الإدخال!$D$5:$D$644,$A18,الإدخال!$F$5:$F$644,"غائب",الإدخال!$G$5:$G$644,"")>0,"غ",IF(COUNTIFS(الإدخال!$A$5:$A$644,J$5,الإدخال!$D$5:$D$644,$A18,الإدخال!$F$5:$F$644,"معتذر",الإدخال!$G$5:$G$644,"")>0,"ع",IF(SUMIFS(الإدخال!$P$5:$P$644,الإدخال!$A$5:$A$644,J$5,الإدخال!$D$5:$D$644,$A18)>0,SUMIFS(الإدخال!$O$5:$O$644,الإدخال!$A$5:$A$644,J$5,الإدخال!$D$5:$D$644,$A18)/100,"")))) | K18: =IF($A18="","",IF(COUNTIFS(الإدخال!$A$5:$A$644,K$5,الإدخال!$D$5:$D$644,$A18,الإدخال!$F$5:$F$644,"غائب",الإدخال!$G$5:$G$644,"")>0,"غ",IF(COUNTIFS(الإدخال!$A$5:$A$644,K$5,الإدخال!$D$5:$D$644,$A18,الإدخال!$F$5:$F$644,"معتذر",الإدخال!$G$5:$G$644,"")>0,"ع",IF(SUMIFS(الإدخال!$P$5:$P$644,الإدخال!$A$5:$A$644,K$5,الإدخال!$D$5:$D$644,$A18)>0,SUMIFS(الإدخال!$O$5:$O$644,الإدخال!$A$5:$A$644,K$5,الإدخال!$D$5:$D$644,$A18)/100,"")))) | ... S18: =IF($A18="","",IF(COUNTIFS(الإدخال!$A$5:$A$644,S$5,الإدخال!$D$5:$D$644,$A18,الإدخال!$F$5:$F$644,"غائب",الإدخال!$G$5:$G$644,"")>0,"غ",IF(COUNTIFS(الإدخال!$A$5:$A$644,S$5,الإدخال!$D$5:$D$644,$A18,الإدخال!$F$5:$F$644,"معتذر",الإدخال!$G$5:$G$644,"")>0,"ع",IF(SUMIFS(الإدخال!$P$5:$P$644,الإدخال!$A$5:$A$644,S$5,الإدخال!$D$5:$D$644,$A18)>0,SUMIFS(الإدخال!$O$5:$O$644,الإدخال!$A$5:$A$644,S$5,الإدخال!$D$5:$D$644,$A18)/100,"")))) | T18: =IF($A18="","",IFERROR(SUMIFS(الإدخال!$O$5:$O$644,الإدخال!$D$5:$D$644,$A18)/SUMIFS(الإدخال!$P$5:$P$644,الإدخال!$D$5:$D$644,$A18)/100,"")) -> 0.43 | U18: =IF(T18="","",IF(T18>=0.9,"ممتاز",IF(T18>=0.8,"جيد جدًا",IF(T18>=0.7,"جيد",IF(T18>=0.6,"مقبول","يحتاج متابعة"))))) -> يحتاج متابعة | V18: =IF($A18="","",SUMIFS(الإدخال!$N$5:$N$644,الإدخال!$D$5:$D$644,$A18)) -> 1 | W18: =IF($A18="","",COUNTIFS(الإدخال!$D$5:$D$644,$A18,الإدخال!$F$5:$F$644,"متأخر")) -> 0 | X18: =IF($A18="","",COUNTIFS(الإدخال!$D$5:$D$644,$A18,الإدخال!$F$5:$F$644,"غائب")) -> 0 | Y18: =IF($A18="","",COUNTIFS(الإدخال!$D$5:$D$644,$A18,الإدخال!$F$5:$F$644,"معتذر")) -> 1 | Z18: =IF($A18="","",SUMIFS(الإدخال!$H$5:$H$644,الإدخال!$D$5:$D$644,$A18,الإدخال!$N$5:$N$644,1)) -> 0 | AA18: =IF($A18="","",SUMIFS(الإدخال!$I$5:$I$644,الإدخال!$D$5:$D$644,$A18,الإدخال!$N$5:$N$644,1)) -> 20 | AB18: =IF($A18="","",SUMIFS(الإدخال!$J$5:$J$644,الإدخال!$D$5:$D$644,$A18,الإدخال!$N$5:$N$644,1)) -> 0 | AC18: =IFERROR(MATCH($C$3&"|13",الطلاب!$E$5:$E$44,0),"") -> 13
A19: =IF($AC19="","",INDEX(الطلاب!$A$5:$A$44,$AC19)) -> 14 | B19: =IF($AC19="","",INDEX(الطلاب!$B$5:$B$44,$AC19)) -> حسام التويجري | C19: =IF($AC19="","",INDEX(الطلاب!$D$5:$D$44,$AC19)) -> حسان بن ثابت | D19: =IF($A19="","",IF(COUNTIFS(الإدخال!$A$5:$A$644,D$5,الإدخال!$D$5:$D$644,$A19,الإدخال!$F$5:$F$644,"غائب",الإدخال!$G$5:$G$644,"")>0,"غ",IF(COUNTIFS(الإدخال!$A$5:$A$644,D$5,الإدخال!$D$5:$D$644,$A19,الإدخال!$F$5:$F$644,"معتذر",الإدخال!$G$5:$G$644,"")>0,"ع",IF(SUMIFS(الإدخال!$P$5:$P$644,الإدخال!$A$5:$A$644,D$5,الإدخال!$D$5:$D$644,$A19)>0,SUMIFS(الإدخال!$O$5:$O$644,الإدخال!$A$5:$A$644,D$5,الإدخال!$D$5:$D$644,$A19)/100,"")))) -> 0 | E19: =IF($A19="","",IF(COUNTIFS(الإدخال!$A$5:$A$644,E$5,الإدخال!$D$5:$D$644,$A19,الإدخال!$F$5:$F$644,"غائب",الإدخال!$G$5:$G$644,"")>0,"غ",IF(COUNTIFS(الإدخال!$A$5:$A$644,E$5,الإدخال!$D$5:$D$644,$A19,الإدخال!$F$5:$F$644,"معتذر",الإدخال!$G$5:$G$644,"")>0,"ع",IF(SUMIFS(الإدخال!$P$5:$P$644,الإدخال!$A$5:$A$644,E$5,الإدخال!$D$5:$D$644,$A19)>0,SUMIFS(الإدخال!$O$5:$O$644,الإدخال!$A$5:$A$644,E$5,الإدخال!$D$5:$D$644,$A19)/100,"")))) -> 0.48 | F19: =IF($A19="","",IF(COUNTIFS(الإدخال!$A$5:$A$644,F$5,الإدخال!$D$5:$D$644,$A19,الإدخال!$F$5:$F$644,"غائب",الإدخال!$G$5:$G$644,"")>0,"غ",IF(COUNTIFS(الإدخال!$A$5:$A$644,F$5,الإدخال!$D$5:$D$644,$A19,الإدخال!$F$5:$F$644,"معتذر",الإدخال!$G$5:$G$644,"")>0,"ع",IF(SUMIFS(الإدخال!$P$5:$P$644,الإدخال!$A$5:$A$644,F$5,الإدخال!$D$5:$D$644,$A19)>0,SUMIFS(الإدخال!$O$5:$O$644,الإدخال!$A$5:$A$644,F$5,الإدخال!$D$5:$D$644,$A19)/100,"")))) | G19: =IF($A19="","",IF(COUNTIFS(الإدخال!$A$5:$A$644,G$5,الإدخال!$D$5:$D$644,$A19,الإدخال!$F$5:$F$644,"غائب",الإدخال!$G$5:$G$644,"")>0,"غ",IF(COUNTIFS(الإدخال!$A$5:$A$644,G$5,الإدخال!$D$5:$D$644,$A19,الإدخال!$F$5:$F$644,"معتذر",الإدخال!$G$5:$G$644,"")>0,"ع",IF(SUMIFS(الإدخال!$P$5:$P$644,الإدخال!$A$5:$A$644,G$5,الإدخال!$D$5:$D$644,$A19)>0,SUMIFS(الإدخال!$O$5:$O$644,الإدخال!$A$5:$A$644,G$5,الإدخال!$D$5:$D$644,$A19)/100,"")))) | H19: =IF($A19="","",IF(COUNTIFS(الإدخال!$A$5:$A$644,H$5,الإدخال!$D$5:$D$644,$A19,الإدخال!$F$5:$F$644,"غائب",الإدخال!$G$5:$G$644,"")>0,"غ",IF(COUNTIFS(الإدخال!$A$5:$A$644,H$5,الإدخال!$D$5:$D$644,$A19,الإدخال!$F$5:$F$644,"معتذر",الإدخال!$G$5:$G$644,"")>0,"ع",IF(SUMIFS(الإدخال!$P$5:$P$644,الإدخال!$A$5:$A$644,H$5,الإدخال!$D$5:$D$644,$A19)>0,SUMIFS(الإدخال!$O$5:$O$644,الإدخال!$A$5:$A$644,H$5,الإدخال!$D$5:$D$644,$A19)/100,"")))) | I19: =IF($A19="","",IF(COUNTIFS(الإدخال!$A$5:$A$644,I$5,الإدخال!$D$5:$D$644,$A19,الإدخال!$F$5:$F$644,"غائب",الإدخال!$G$5:$G$644,"")>0,"غ",IF(COUNTIFS(الإدخال!$A$5:$A$644,I$5,الإدخال!$D$5:$D$644,$A19,الإدخال!$F$5:$F$644,"معتذر",الإدخال!$G$5:$G$644,"")>0,"ع",IF(SUMIFS(الإدخال!$P$5:$P$644,الإدخال!$A$5:$A$644,I$5,الإدخال!$D$5:$D$644,$A19)>0,SUMIFS(الإدخال!$O$5:$O$644,الإدخال!$A$5:$A$644,I$5,الإدخال!$D$5:$D$644,$A19)/100,"")))) | J19: =IF($A19="","",IF(COUNTIFS(الإدخال!$A$5:$A$644,J$5,الإدخال!$D$5:$D$644,$A19,الإدخال!$F$5:$F$644,"غائب",الإدخال!$G$5:$G$644,"")>0,"غ",IF(COUNTIFS(الإدخال!$A$5:$A$644,J$5,الإدخال!$D$5:$D$644,$A19,الإدخال!$F$5:$F$644,"معتذر",الإدخال!$G$5:$G$644,"")>0,"ع",IF(SUMIFS(الإدخال!$P$5:$P$644,الإدخال!$A$5:$A$644,J$5,الإدخال!$D$5:$D$644,$A19)>0,SUMIFS(الإدخال!$O$5:$O$644,الإدخال!$A$5:$A$644,J$5,الإدخال!$D$5:$D$644,$A19)/100,"")))) | K19: =IF($A19="","",IF(COUNTIFS(الإدخال!$A$5:$A$644,K$5,الإدخال!$D$5:$D$644,$A19,الإدخال!$F$5:$F$644,"غائب",الإدخال!$G$5:$G$644,"")>0,"غ",IF(COUNTIFS(الإدخال!$A$5:$A$644,K$5,الإدخال!$D$5:$D$644,$A19,الإدخال!$F$5:$F$644,"معتذر",الإدخال!$G$5:$G$644,"")>0,"ع",IF(SUMIFS(الإدخال!$P$5:$P$644,الإدخال!$A$5:$A$644,K$5,الإدخال!$D$5:$D$644,$A19)>0,SUMIFS(الإدخال!$O$5:$O$644,الإدخال!$A$5:$A$644,K$5,الإدخال!$D$5:$D$644,$A19)/100,"")))) | ... S19: =IF($A19="","",IF(COUNTIFS(الإدخال!$A$5:$A$644,S$5,الإدخال!$D$5:$D$644,$A19,الإدخال!$F$5:$F$644,"غائب",الإدخال!$G$5:$G$644,"")>0,"غ",IF(COUNTIFS(الإدخال!$A$5:$A$644,S$5,الإدخال!$D$5:$D$644,$A19,الإدخال!$F$5:$F$644,"معتذر",الإدخال!$G$5:$G$644,"")>0,"ع",IF(SUMIFS(الإدخال!$P$5:$P$644,الإدخال!$A$5:$A$644,S$5,الإدخال!$D$5:$D$644,$A19)>0,SUMIFS(الإدخال!$O$5:$O$644,الإدخال!$A$5:$A$644,S$5,الإدخال!$D$5:$D$644,$A19)/100,"")))) | T19: =IF($A19="","",IFERROR(SUMIFS(الإدخال!$O$5:$O$644,الإدخال!$D$5:$D$644,$A19)/SUMIFS(الإدخال!$P$5:$P$644,الإدخال!$D$5:$D$644,$A19)/100,"")) -> 0.24 | U19: =IF(T19="","",IF(T19>=0.9,"ممتاز",IF(T19>=0.8,"جيد جدًا",IF(T19>=0.7,"جيد",IF(T19>=0.6,"مقبول","يحتاج متابعة"))))) -> يحتاج متابعة | V19: =IF($A19="","",SUMIFS(الإدخال!$N$5:$N$644,الإدخال!$D$5:$D$644,$A19)) -> 0 | W19: =IF($A19="","",COUNTIFS(الإدخال!$D$5:$D$644,$A19,الإدخال!$F$5:$F$644,"متأخر")) -> 0 | X19: =IF($A19="","",COUNTIFS(الإدخال!$D$5:$D$644,$A19,الإدخال!$F$5:$F$644,"غائب")) -> 0 | Y19: =IF($A19="","",COUNTIFS(الإدخال!$D$5:$D$644,$A19,الإدخال!$F$5:$F$644,"معتذر")) -> 2 | Z19: =IF($A19="","",SUMIFS(الإدخال!$H$5:$H$644,الإدخال!$D$5:$D$644,$A19,الإدخال!$N$5:$N$644,1)) -> 0 | AA19: =IF($A19="","",SUMIFS(الإدخال!$I$5:$I$644,الإدخال!$D$5:$D$644,$A19,الإدخال!$N$5:$N$644,1)) -> 0 | AB19: =IF($A19="","",SUMIFS(الإدخال!$J$5:$J$644,الإدخال!$D$5:$D$644,$A19,الإدخال!$N$5:$N$644,1)) -> 0 | AC19: =IFERROR(MATCH($C$3&"|14",الطلاب!$E$5:$E$44,0),"") -> 14
A20: =IF($AC20="","",INDEX(الطلاب!$A$5:$A$44,$AC20)) -> 15 | B20: =IF($AC20="","",INDEX(الطلاب!$B$5:$B$44,$AC20)) -> عبدالرحمن البريدي | C20: =IF($AC20="","",INDEX(الطلاب!$D$5:$D$44,$AC20)) -> حسان بن ثابت | D20: =IF($A20="","",IF(COUNTIFS(الإدخال!$A$5:$A$644,D$5,الإدخال!$D$5:$D$644,$A20,الإدخال!$F$5:$F$644,"غائب",الإدخال!$G$5:$G$644,"")>0,"غ",IF(COUNTIFS(الإدخال!$A$5:$A$644,D$5,الإدخال!$D$5:$D$644,$A20,الإدخال!$F$5:$F$644,"معتذر",الإدخال!$G$5:$G$644,"")>0,"ع",IF(SUMIFS(الإدخال!$P$5:$P$644,الإدخال!$A$5:$A$644,D$5,الإدخال!$D$5:$D$644,$A20)>0,SUMIFS(الإدخال!$O$5:$O$644,الإدخال!$A$5:$A$644,D$5,الإدخال!$D$5:$D$644,$A20)/100,"")))) -> 0.87 | E20: =IF($A20="","",IF(COUNTIFS(الإدخال!$A$5:$A$644,E$5,الإدخال!$D$5:$D$644,$A20,الإدخال!$F$5:$F$644,"غائب",الإدخال!$G$5:$G$644,"")>0,"غ",IF(COUNTIFS(الإدخال!$A$5:$A$644,E$5,الإدخال!$D$5:$D$644,$A20,الإدخال!$F$5:$F$644,"معتذر",الإدخال!$G$5:$G$644,"")>0,"ع",IF(SUMIFS(الإدخال!$P$5:$P$644,الإدخال!$A$5:$A$644,E$5,الإدخال!$D$5:$D$644,$A20)>0,SUMIFS(الإدخال!$O$5:$O$644,الإدخال!$A$5:$A$644,E$5,الإدخال!$D$5:$D$644,$A20)/100,"")))) -> 0.62 | F20: =IF($A20="","",IF(COUNTIFS(الإدخال!$A$5:$A$644,F$5,الإدخال!$D$5:$D$644,$A20,الإدخال!$F$5:$F$644,"غائب",الإدخال!$G$5:$G$644,"")>0,"غ",IF(COUNTIFS(الإدخال!$A$5:$A$644,F$5,الإدخال!$D$5:$D$644,$A20,الإدخال!$F$5:$F$644,"معتذر",الإدخال!$G$5:$G$644,"")>0,"ع",IF(SUMIFS(الإدخال!$P$5:$P$644,الإدخال!$A$5:$A$644,F$5,الإدخال!$D$5:$D$644,$A20)>0,SUMIFS(الإدخال!$O$5:$O$644,الإدخال!$A$5:$A$644,F$5,الإدخال!$D$5:$D$644,$A20)/100,"")))) | G20: =IF($A20="","",IF(COUNTIFS(الإدخال!$A$5:$A$644,G$5,الإدخال!$D$5:$D$644,$A20,الإدخال!$F$5:$F$644,"غائب",الإدخال!$G$5:$G$644,"")>0,"غ",IF(COUNTIFS(الإدخال!$A$5:$A$644,G$5,الإدخال!$D$5:$D$644,$A20,الإدخال!$F$5:$F$644,"معتذر",الإدخال!$G$5:$G$644,"")>0,"ع",IF(SUMIFS(الإدخال!$P$5:$P$644,الإدخال!$A$5:$A$644,G$5,الإدخال!$D$5:$D$644,$A20)>0,SUMIFS(الإدخال!$O$5:$O$644,الإدخال!$A$5:$A$644,G$5,الإدخال!$D$5:$D$644,$A20)/100,"")))) | H20: =IF($A20="","",IF(COUNTIFS(الإدخال!$A$5:$A$644,H$5,الإدخال!$D$5:$D$644,$A20,الإدخال!$F$5:$F$644,"غائب",الإدخال!$G$5:$G$644,"")>0,"غ",IF(COUNTIFS(الإدخال!$A$5:$A$644,H$5,الإدخال!$D$5:$D$644,$A20,الإدخال!$F$5:$F$644,"معتذر",الإدخال!$G$5:$G$644,"")>0,"ع",IF(SUMIFS(الإدخال!$P$5:$P$644,الإدخال!$A$5:$A$644,H$5,الإدخال!$D$5:$D$644,$A20)>0,SUMIFS(الإدخال!$O$5:$O$644,الإدخال!$A$5:$A$644,H$5,الإدخال!$D$5:$D$644,$A20)/100,"")))) | I20: =IF($A20="","",IF(COUNTIFS(الإدخال!$A$5:$A$644,I$5,الإدخال!$D$5:$D$644,$A20,الإدخال!$F$5:$F$644,"غائب",الإدخال!$G$5:$G$644,"")>0,"غ",IF(COUNTIFS(الإدخال!$A$5:$A$644,I$5,الإدخال!$D$5:$D$644,$A20,الإدخال!$F$5:$F$644,"معتذر",الإدخال!$G$5:$G$644,"")>0,"ع",IF(SUMIFS(الإدخال!$P$5:$P$644,الإدخال!$A$5:$A$644,I$5,الإدخال!$D$5:$D$644,$A20)>0,SUMIFS(الإدخال!$O$5:$O$644,الإدخال!$A$5:$A$644,I$5,الإدخال!$D$5:$D$644,$A20)/100,"")))) | J20: =IF($A20="","",IF(COUNTIFS(الإدخال!$A$5:$A$644,J$5,الإدخال!$D$5:$D$644,$A20,الإدخال!$F$5:$F$644,"غائب",الإدخال!$G$5:$G$644,"")>0,"غ",IF(COUNTIFS(الإدخال!$A$5:$A$644,J$5,الإدخال!$D$5:$D$644,$A20,الإدخال!$F$5:$F$644,"معتذر",الإدخال!$G$5:$G$644,"")>0,"ع",IF(SUMIFS(الإدخال!$P$5:$P$644,الإدخال!$A$5:$A$644,J$5,الإدخال!$D$5:$D$644,$A20)>0,SUMIFS(الإدخال!$O$5:$O$644,الإدخال!$A$5:$A$644,J$5,الإدخال!$D$5:$D$644,$A20)/100,"")))) | K20: =IF($A20="","",IF(COUNTIFS(الإدخال!$A$5:$A$644,K$5,الإدخال!$D$5:$D$644,$A20,الإدخال!$F$5:$F$644,"غائب",الإدخال!$G$5:$G$644,"")>0,"غ",IF(COUNTIFS(الإدخال!$A$5:$A$644,K$5,الإدخال!$D$5:$D$644,$A20,الإدخال!$F$5:$F$644,"معتذر",الإدخال!$G$5:$G$644,"")>0,"ع",IF(SUMIFS(الإدخال!$P$5:$P$644,الإدخال!$A$5:$A$644,K$5,الإدخال!$D$5:$D$644,$A20)>0,SUMIFS(الإدخال!$O$5:$O$644,الإدخال!$A$5:$A$644,K$5,الإدخال!$D$5:$D$644,$A20)/100,"")))) | ... S20: =IF($A20="","",IF(COUNTIFS(الإدخال!$A$5:$A$644,S$5,الإدخال!$D$5:$D$644,$A20,الإدخال!$F$5:$F$644,"غائب",الإدخال!$G$5:$G$644,"")>0,"غ",IF(COUNTIFS(الإدخال!$A$5:$A$644,S$5,الإدخال!$D$5:$D$644,$A20,الإدخال!$F$5:$F$644,"معتذر",الإدخال!$G$5:$G$644,"")>0,"ع",IF(SUMIFS(الإدخال!$P$5:$P$644,الإدخال!$A$5:$A$644,S$5,الإدخال!$D$5:$D$644,$A20)>0,SUMIFS(الإدخال!$O$5:$O$644,الإدخال!$A$5:$A$644,S$5,الإدخال!$D$5:$D$644,$A20)/100,"")))) | T20: =IF($A20="","",IFERROR(SUMIFS(الإدخال!$O$5:$O$644,الإدخال!$D$5:$D$644,$A20)/SUMIFS(الإدخال!$P$5:$P$644,الإدخال!$D$5:$D$644,$A20)/100,"")) -> 0.745 | U20: =IF(T20="","",IF(T20>=0.9,"ممتاز",IF(T20>=0.8,"جيد جدًا",IF(T20>=0.7,"جيد",IF(T20>=0.6,"مقبول","يحتاج متابعة"))))) -> جيد | V20: =IF($A20="","",SUMIFS(الإدخال!$N$5:$N$644,الإدخال!$D$5:$D$644,$A20)) -> 1 | W20: =IF($A20="","",COUNTIFS(الإدخال!$D$5:$D$644,$A20,الإدخال!$F$5:$F$644,"متأخر")) -> 0 | X20: =IF($A20="","",COUNTIFS(الإدخال!$D$5:$D$644,$A20,الإدخال!$F$5:$F$644,"غائب")) -> 0 | Y20: =IF($A20="","",COUNTIFS(الإدخال!$D$5:$D$644,$A20,الإدخال!$F$5:$F$644,"معتذر")) -> 1 | Z20: =IF($A20="","",SUMIFS(الإدخال!$H$5:$H$644,الإدخال!$D$5:$D$644,$A20,الإدخال!$N$5:$N$644,1)) -> 2 | AA20: =IF($A20="","",SUMIFS(الإدخال!$I$5:$I$644,الإدخال!$D$5:$D$644,$A20,الإدخال!$N$5:$N$644,1)) -> 20 | AB20: =IF($A20="","",SUMIFS(الإدخال!$J$5:$J$644,الإدخال!$D$5:$D$644,$A20,الإدخال!$N$5:$N$644,1)) -> 0 | AC20: =IFERROR(MATCH($C$3&"|15",الطلاب!$E$5:$E$44,0),"") -> 15
A21: =IF($AC21="","",INDEX(الطلاب!$A$5:$A$44,$AC21)) -> 16 | B21: =IF($AC21="","",INDEX(الطلاب!$B$5:$B$44,$AC21)) -> عبدالرحمن بازرعة | C21: =IF($AC21="","",INDEX(الطلاب!$D$5:$D$44,$AC21)) -> حسان بن ثابت | D21: =IF($A21="","",IF(COUNTIFS(الإدخال!$A$5:$A$644,D$5,الإدخال!$D$5:$D$644,$A21,الإدخال!$F$5:$F$644,"غائب",الإدخال!$G$5:$G$644,"")>0,"غ",IF(COUNTIFS(الإدخال!$A$5:$A$644,D$5,الإدخال!$D$5:$D$644,$A21,الإدخال!$F$5:$F$644,"معتذر",الإدخال!$G$5:$G$644,"")>0,"ع",IF(SUMIFS(الإدخال!$P$5:$P$644,الإدخال!$A$5:$A$644,D$5,الإدخال!$D$5:$D$644,$A21)>0,SUMIFS(الإدخال!$O$5:$O$644,الإدخال!$A$5:$A$644,D$5,الإدخال!$D$5:$D$644,$A21)/100,"")))) -> 0.79 | E21: =IF($A21="","",IF(COUNTIFS(الإدخال!$A$5:$A$644,E$5,الإدخال!$D$5:$D$644,$A21,الإدخال!$F$5:$F$644,"غائب",الإدخال!$G$5:$G$644,"")>0,"غ",IF(COUNTIFS(الإدخال!$A$5:$A$644,E$5,الإدخال!$D$5:$D$644,$A21,الإدخال!$F$5:$F$644,"معتذر",الإدخال!$G$5:$G$644,"")>0,"ع",IF(SUMIFS(الإدخال!$P$5:$P$644,الإدخال!$A$5:$A$644,E$5,الإدخال!$D$5:$D$644,$A21)>0,SUMIFS(الإدخال!$O$5:$O$644,الإدخال!$A$5:$A$644,E$5,الإدخال!$D$5:$D$644,$A21)/100,"")))) -> 0.87 | F21: =IF($A21="","",IF(COUNTIFS(الإدخال!$A$5:$A$644,F$5,الإدخال!$D$5:$D$644,$A21,الإدخال!$F$5:$F$644,"غائب",الإدخال!$G$5:$G$644,"")>0,"غ",IF(COUNTIFS(الإدخال!$A$5:$A$644,F$5,الإدخال!$D$5:$D$644,$A21,الإدخال!$F$5:$F$644,"معتذر",الإدخال!$G$5:$G$644,"")>0,"ع",IF(SUMIFS(الإدخال!$P$5:$P$644,الإدخال!$A$5:$A$644,F$5,الإدخال!$D$5:$D$644,$A21)>0,SUMIFS(الإدخال!$O$5:$O$644,الإدخال!$A$5:$A$644,F$5,الإدخال!$D$5:$D$644,$A21)/100,"")))) | G21: =IF($A21="","",IF(COUNTIFS(الإدخال!$A$5:$A$644,G$5,الإدخال!$D$5:$D$644,$A21,الإدخال!$F$5:$F$644,"غائب",الإدخال!$G$5:$G$644,"")>0,"غ",IF(COUNTIFS(الإدخال!$A$5:$A$644,G$5,الإدخال!$D$5:$D$644,$A21,الإدخال!$F$5:$F$644,"معتذر",الإدخال!$G$5:$G$644,"")>0,"ع",IF(SUMIFS(الإدخال!$P$5:$P$644,الإدخال!$A$5:$A$644,G$5,الإدخال!$D$5:$D$644,$A21)>0,SUMIFS(الإدخال!$O$5:$O$644,الإدخال!$A$5:$A$644,G$5,الإدخال!$D$5:$D$644,$A21)/100,"")))) | H21: =IF($A21="","",IF(COUNTIFS(الإدخال!$A$5:$A$644,H$5,الإدخال!$D$5:$D$644,$A21,الإدخال!$F$5:$F$644,"غائب",الإدخال!$G$5:$G$644,"")>0,"غ",IF(COUNTIFS(الإدخال!$A$5:$A$644,H$5,الإدخال!$D$5:$D$644,$A21,الإدخال!$F$5:$F$644,"معتذر",الإدخال!$G$5:$G$644,"")>0,"ع",IF(SUMIFS(الإدخال!$P$5:$P$644,الإدخال!$A$5:$A$644,H$5,الإدخال!$D$5:$D$644,$A21)>0,SUMIFS(الإدخال!$O$5:$O$644,الإدخال!$A$5:$A$644,H$5,الإدخال!$D$5:$D$644,$A21)/100,"")))) | I21: =IF($A21="","",IF(COUNTIFS(الإدخال!$A$5:$A$644,I$5,الإدخال!$D$5:$D$644,$A21,الإدخال!$F$5:$F$644,"غائب",الإدخال!$G$5:$G$644,"")>0,"غ",IF(COUNTIFS(الإدخال!$A$5:$A$644,I$5,الإدخال!$D$5:$D$644,$A21,الإدخال!$F$5:$F$644,"معتذر",الإدخال!$G$5:$G$644,"")>0,"ع",IF(SUMIFS(الإدخال!$P$5:$P$644,الإدخال!$A$5:$A$644,I$5,الإدخال!$D$5:$D$644,$A21)>0,SUMIFS(الإدخال!$O$5:$O$644,الإدخال!$A$5:$A$644,I$5,الإدخال!$D$5:$D$644,$A21)/100,"")))) | J21: =IF($A21="","",IF(COUNTIFS(الإدخال!$A$5:$A$644,J$5,الإدخال!$D$5:$D$644,$A21,الإدخال!$F$5:$F$644,"غائب",الإدخال!$G$5:$G$644,"")>0,"غ",IF(COUNTIFS(الإدخال!$A$5:$A$644,J$5,الإدخال!$D$5:$D$644,$A21,الإدخال!$F$5:$F$644,"معتذر",الإدخال!$G$5:$G$644,"")>0,"ع",IF(SUMIFS(الإدخال!$P$5:$P$644,الإدخال!$A$5:$A$644,J$5,الإدخال!$D$5:$D$644,$A21)>0,SUMIFS(الإدخال!$O$5:$O$644,الإدخال!$A$5:$A$644,J$5,الإدخال!$D$5:$D$644,$A21)/100,"")))) | K21: =IF($A21="","",IF(COUNTIFS(الإدخال!$A$5:$A$644,K$5,الإدخال!$D$5:$D$644,$A21,الإدخال!$F$5:$F$644,"غائب",الإدخال!$G$5:$G$644,"")>0,"غ",IF(COUNTIFS(الإدخال!$A$5:$A$644,K$5,الإدخال!$D$5:$D$644,$A21,الإدخال!$F$5:$F$644,"معتذر",الإدخال!$G$5:$G$644,"")>0,"ع",IF(SUMIFS(الإدخال!$P$5:$P$644,الإدخال!$A$5:$A$644,K$5,الإدخال!$D$5:$D$644,$A21)>0,SUMIFS(الإدخال!$O$5:$O$644,الإدخال!$A$5:$A$644,K$5,الإدخال!$D$5:$D$644,$A21)/100,"")))) | ... S21: =IF($A21="","",IF(COUNTIFS(الإدخال!$A$5:$A$644,S$5,الإدخال!$D$5:$D$644,$A21,الإدخال!$F$5:$F$644,"غائب",الإدخال!$G$5:$G$644,"")>0,"غ",IF(COUNTIFS(الإدخال!$A$5:$A$644,S$5,الإدخال!$D$5:$D$644,$A21,الإدخال!$F$5:$F$644,"معتذر",الإدخال!$G$5:$G$644,"")>0,"ع",IF(SUMIFS(الإدخال!$P$5:$P$644,الإدخال!$A$5:$A$644,S$5,الإدخال!$D$5:$D$644,$A21)>0,SUMIFS(الإدخال!$O$5:$O$644,الإدخال!$A$5:$A$644,S$5,الإدخال!$D$5:$D$644,$A21)/100,"")))) | T21: =IF($A21="","",IFERROR(SUMIFS(الإدخال!$O$5:$O$644,الإدخال!$D$5:$D$644,$A21)/SUMIFS(الإدخال!$P$5:$P$644,الإدخال!$D$5:$D$644,$A21)/100,"")) -> 0.83 | U21: =IF(T21="","",IF(T21>=0.9,"ممتاز",IF(T21>=0.8,"جيد جدًا",IF(T21>=0.7,"جيد",IF(T21>=0.6,"مقبول","يحتاج متابعة"))))) -> جيد جدًا | V21: =IF($A21="","",SUMIFS(الإدخال!$N$5:$N$644,الإدخال!$D$5:$D$644,$A21)) -> 2 | W21: =IF($A21="","",COUNTIFS(الإدخال!$D$5:$D$644,$A21,الإدخال!$F$5:$F$644,"متأخر")) -> 0 | X21: =IF($A21="","",COUNTIFS(الإدخال!$D$5:$D$644,$A21,الإدخال!$F$5:$F$644,"غائب")) -> 0 | Y21: =IF($A21="","",COUNTIFS(الإدخال!$D$5:$D$644,$A21,الإدخال!$F$5:$F$644,"معتذر")) -> 0 | Z21: =IF($A21="","",SUMIFS(الإدخال!$H$5:$H$644,الإدخال!$D$5:$D$644,$A21,الإدخال!$N$5:$N$644,1)) -> 7 | AA21: =IF($A21="","",SUMIFS(الإدخال!$I$5:$I$644,الإدخال!$D$5:$D$644,$A21,الإدخال!$N$5:$N$644,1)) -> 45 | AB21: =IF($A21="","",SUMIFS(الإدخال!$J$5:$J$644,الإدخال!$D$5:$D$644,$A21,الإدخال!$N$5:$N$644,1)) -> 0 | AC21: =IFERROR(MATCH($C$3&"|16",الطلاب!$E$5:$E$44,0),"") -> 16
A22: =IF($AC22="","",INDEX(الطلاب!$A$5:$A$44,$AC22)) -> 17 | B22: =IF($AC22="","",INDEX(الطلاب!$B$5:$B$44,$AC22)) -> عبدالله الضحيان | C22: =IF($AC22="","",INDEX(الطلاب!$D$5:$D$44,$AC22)) -> حسان بن ثابت | D22: =IF($A22="","",IF(COUNTIFS(الإدخال!$A$5:$A$644,D$5,الإدخال!$D$5:$D$644,$A22,الإدخال!$F$5:$F$644,"غائب",الإدخال!$G$5:$G$644,"")>0,"غ",IF(COUNTIFS(الإدخال!$A$5:$A$644,D$5,الإدخال!$D$5:$D$644,$A22,الإدخال!$F$5:$F$644,"معتذر",الإدخال!$G$5:$G$644,"")>0,"ع",IF(SUMIFS(الإدخال!$P$5:$P$644,الإدخال!$A$5:$A$644,D$5,الإدخال!$D$5:$D$644,$A22)>0,SUMIFS(الإدخال!$O$5:$O$644,الإدخال!$A$5:$A$644,D$5,الإدخال!$D$5:$D$644,$A22)/100,"")))) -> 0.97 | E22: =IF($A22="","",IF(COUNTIFS(الإدخال!$A$5:$A$644,E$5,الإدخال!$D$5:$D$644,$A22,الإدخال!$F$5:$F$644,"غائب",الإدخال!$G$5:$G$644,"")>0,"غ",IF(COUNTIFS(الإدخال!$A$5:$A$644,E$5,الإدخال!$D$5:$D$644,$A22,الإدخال!$F$5:$F$644,"معتذر",الإدخال!$G$5:$G$644,"")>0,"ع",IF(SUMIFS(الإدخال!$P$5:$P$644,الإدخال!$A$5:$A$644,E$5,الإدخال!$D$5:$D$644,$A22)>0,SUMIFS(الإدخال!$O$5:$O$644,الإدخال!$A$5:$A$644,E$5,الإدخال!$D$5:$D$644,$A22)/100,"")))) -> 0.84 | F22: =IF($A22="","",IF(COUNTIFS(الإدخال!$A$5:$A$644,F$5,الإدخال!$D$5:$D$644,$A22,الإدخال!$F$5:$F$644,"غائب",الإدخال!$G$5:$G$644,"")>0,"غ",IF(COUNTIFS(الإدخال!$A$5:$A$644,F$5,الإدخال!$D$5:$D$644,$A22,الإدخال!$F$5:$F$644,"معتذر",الإدخال!$G$5:$G$644,"")>0,"ع",IF(SUMIFS(الإدخال!$P$5:$P$644,الإدخال!$A$5:$A$644,F$5,الإدخال!$D$5:$D$644,$A22)>0,SUMIFS(الإدخال!$O$5:$O$644,الإدخال!$A$5:$A$644,F$5,الإدخال!$D$5:$D$644,$A22)/100,"")))) | G22: =IF($A22="","",IF(COUNTIFS(الإدخال!$A$5:$A$644,G$5,الإدخال!$D$5:$D$644,$A22,الإدخال!$F$5:$F$644,"غائب",الإدخال!$G$5:$G$644,"")>0,"غ",IF(COUNTIFS(الإدخال!$A$5:$A$644,G$5,الإدخال!$D$5:$D$644,$A22,الإدخال!$F$5:$F$644,"معتذر",الإدخال!$G$5:$G$644,"")>0,"ع",IF(SUMIFS(الإدخال!$P$5:$P$644,الإدخال!$A$5:$A$644,G$5,الإدخال!$D$5:$D$644,$A22)>0,SUMIFS(الإدخال!$O$5:$O$644,الإدخال!$A$5:$A$644,G$5,الإدخال!$D$5:$D$644,$A22)/100,"")))) | H22: =IF($A22="","",IF(COUNTIFS(الإدخال!$A$5:$A$644,H$5,الإدخال!$D$5:$D$644,$A22,الإدخال!$F$5:$F$644,"غائب",الإدخال!$G$5:$G$644,"")>0,"غ",IF(COUNTIFS(الإدخال!$A$5:$A$644,H$5,الإدخال!$D$5:$D$644,$A22,الإدخال!$F$5:$F$644,"معتذر",الإدخال!$G$5:$G$644,"")>0,"ع",IF(SUMIFS(الإدخال!$P$5:$P$644,الإدخال!$A$5:$A$644,H$5,الإدخال!$D$5:$D$644,$A22)>0,SUMIFS(الإدخال!$O$5:$O$644,الإدخال!$A$5:$A$644,H$5,الإدخال!$D$5:$D$644,$A22)/100,"")))) | I22: =IF($A22="","",IF(COUNTIFS(الإدخال!$A$5:$A$644,I$5,الإدخال!$D$5:$D$644,$A22,الإدخال!$F$5:$F$644,"غائب",الإدخال!$G$5:$G$644,"")>0,"غ",IF(COUNTIFS(الإدخال!$A$5:$A$644,I$5,الإدخال!$D$5:$D$644,$A22,الإدخال!$F$5:$F$644,"معتذر",الإدخال!$G$5:$G$644,"")>0,"ع",IF(SUMIFS(الإدخال!$P$5:$P$644,الإدخال!$A$5:$A$644,I$5,الإدخال!$D$5:$D$644,$A22)>0,SUMIFS(الإدخال!$O$5:$O$644,الإدخال!$A$5:$A$644,I$5,الإدخال!$D$5:$D$644,$A22)/100,"")))) | J22: =IF($A22="","",IF(COUNTIFS(الإدخال!$A$5:$A$644,J$5,الإدخال!$D$5:$D$644,$A22,الإدخال!$F$5:$F$644,"غائب",الإدخال!$G$5:$G$644,"")>0,"غ",IF(COUNTIFS(الإدخال!$A$5:$A$644,J$5,الإدخال!$D$5:$D$644,$A22,الإدخال!$F$5:$F$644,"معتذر",الإدخال!$G$5:$G$644,"")>0,"ع",IF(SUMIFS(الإدخال!$P$5:$P$644,الإدخال!$A$5:$A$644,J$5,الإدخال!$D$5:$D$644,$A22)>0,SUMIFS(الإدخال!$O$5:$O$644,الإدخال!$A$5:$A$644,J$5,الإدخال!$D$5:$D$644,$A22)/100,"")))) | K22: =IF($A22="","",IF(COUNTIFS(الإدخال!$A$5:$A$644,K$5,الإدخال!$D$5:$D$644,$A22,الإدخال!$F$5:$F$644,"غائب",الإدخال!$G$5:$G$644,"")>0,"غ",IF(COUNTIFS(الإدخال!$A$5:$A$644,K$5,الإدخال!$D$5:$D$644,$A22,الإدخال!$F$5:$F$644,"معتذر",الإدخال!$G$5:$G$644,"")>0,"ع",IF(SUMIFS(الإدخال!$P$5:$P$644,الإدخال!$A$5:$A$644,K$5,الإدخال!$D$5:$D$644,$A22)>0,SUMIFS(الإدخال!$O$5:$O$644,الإدخال!$A$5:$A$644,K$5,الإدخال!$D$5:$D$644,$A22)/100,"")))) | ... S22: =IF($A22="","",IF(COUNTIFS(الإدخال!$A$5:$A$644,S$5,الإدخال!$D$5:$D$644,$A22,الإدخال!$F$5:$F$644,"غائب",الإدخال!$G$5:$G$644,"")>0,"غ",IF(COUNTIFS(الإدخال!$A$5:$A$644,S$5,الإدخال!$D$5:$D$644,$A22,الإدخال!$F$5:$F$644,"معتذر",الإدخال!$G$5:$G$644,"")>0,"ع",IF(SUMIFS(الإدخال!$P$5:$P$644,الإدخال!$A$5:$A$644,S$5,الإدخال!$D$5:$D$644,$A22)>0,SUMIFS(الإدخال!$O$5:$O$644,الإدخال!$A$5:$A$644,S$5,الإدخال!$D$5:$D$644,$A22)/100,"")))) | T22: =IF($A22="","",IFERROR(SUMIFS(الإدخال!$O$5:$O$644,الإدخال!$D$5:$D$644,$A22)/SUMIFS(الإدخال!$P$5:$P$644,الإدخال!$D$5:$D$644,$A22)/100,"")) -> 0.905 | U22: =IF(T22="","",IF(T22>=0.9,"ممتاز",IF(T22>=0.8,"جيد جدًا",IF(T22>=0.7,"جيد",IF(T22>=0.6,"مقبول","يحتاج متابعة"))))) -> ممتاز | V22: =IF($A22="","",SUMIFS(الإدخال!$N$5:$N$644,الإدخال!$D$5:$D$644,$A22)) -> 2 | W22: =IF($A22="","",COUNTIFS(الإدخال!$D$5:$D$644,$A22,الإدخال!$F$5:$F$644,"متأخر")) -> 0 | X22: =IF($A22="","",COUNTIFS(الإدخال!$D$5:$D$644,$A22,الإدخال!$F$5:$F$644,"غائب")) -> 0 | Y22: =IF($A22="","",COUNTIFS(الإدخال!$D$5:$D$644,$A22,الإدخال!$F$5:$F$644,"معتذر")) -> 0 | Z22: =IF($A22="","",SUMIFS(الإدخال!$H$5:$H$644,الإدخال!$D$5:$D$644,$A22,الإدخال!$N$5:$N$644,1)) -> 6 | AA22: =IF($A22="","",SUMIFS(الإدخال!$I$5:$I$644,الإدخال!$D$5:$D$644,$A22,الإدخال!$N$5:$N$644,1)) -> 80 | AB22: =IF($A22="","",SUMIFS(الإدخال!$J$5:$J$644,الإدخال!$D$5:$D$644,$A22,الإدخال!$N$5:$N$644,1)) -> 0 | AC22: =IFERROR(MATCH($C$3&"|17",الطلاب!$E$5:$E$44,0),"") -> 17
A23: =IF($AC23="","",INDEX(الطلاب!$A$5:$A$44,$AC23)) -> 18 | B23: =IF($AC23="","",INDEX(الطلاب!$B$5:$B$44,$AC23)) -> فيصل الدخيل | C23: =IF($AC23="","",INDEX(الطلاب!$D$5:$D$44,$AC23)) -> حسان بن ثابت | D23: =IF($A23="","",IF(COUNTIFS(الإدخال!$A$5:$A$644,D$5,الإدخال!$D$5:$D$644,$A23,الإدخال!$F$5:$F$644,"غائب",الإدخال!$G$5:$G$644,"")>0,"غ",IF(COUNTIFS(الإدخال!$A$5:$A$644,D$5,الإدخال!$D$5:$D$644,$A23,الإدخال!$F$5:$F$644,"معتذر",الإدخال!$G$5:$G$644,"")>0,"ع",IF(SUMIFS(الإدخال!$P$5:$P$644,الإدخال!$A$5:$A$644,D$5,الإدخال!$D$5:$D$644,$A23)>0,SUMIFS(الإدخال!$O$5:$O$644,الإدخال!$A$5:$A$644,D$5,الإدخال!$D$5:$D$644,$A23)/100,"")))) -> 0.65 | E23: =IF($A23="","",IF(COUNTIFS(الإدخال!$A$5:$A$644,E$5,الإدخال!$D$5:$D$644,$A23,الإدخال!$F$5:$F$644,"غائب",الإدخال!$G$5:$G$644,"")>0,"غ",IF(COUNTIFS(الإدخال!$A$5:$A$644,E$5,الإدخال!$D$5:$D$644,$A23,الإدخال!$F$5:$F$644,"معتذر",الإدخال!$G$5:$G$644,"")>0,"ع",IF(SUMIFS(الإدخال!$P$5:$P$644,الإدخال!$A$5:$A$644,E$5,الإدخال!$D$5:$D$644,$A23)>0,SUMIFS(الإدخال!$O$5:$O$644,الإدخال!$A$5:$A$644,E$5,الإدخال!$D$5:$D$644,$A23)/100,"")))) -> 0.94 | F23: =IF($A23="","",IF(COUNTIFS(الإدخال!$A$5:$A$644,F$5,الإدخال!$D$5:$D$644,$A23,الإدخال!$F$5:$F$644,"غائب",الإدخال!$G$5:$G$644,"")>0,"غ",IF(COUNTIFS(الإدخال!$A$5:$A$644,F$5,الإدخال!$D$5:$D$644,$A23,الإدخال!$F$5:$F$644,"معتذر",الإدخال!$G$5:$G$644,"")>0,"ع",IF(SUMIFS(الإدخال!$P$5:$P$644,الإدخال!$A$5:$A$644,F$5,الإدخال!$D$5:$D$644,$A23)>0,SUMIFS(الإدخال!$O$5:$O$644,الإدخال!$A$5:$A$644,F$5,الإدخال!$D$5:$D$644,$A23)/100,"")))) | G23: =IF($A23="","",IF(COUNTIFS(الإدخال!$A$5:$A$644,G$5,الإدخال!$D$5:$D$644,$A23,الإدخال!$F$5:$F$644,"غائب",الإدخال!$G$5:$G$644,"")>0,"غ",IF(COUNTIFS(الإدخال!$A$5:$A$644,G$5,الإدخال!$D$5:$D$644,$A23,الإدخال!$F$5:$F$644,"معتذر",الإدخال!$G$5:$G$644,"")>0,"ع",IF(SUMIFS(الإدخال!$P$5:$P$644,الإدخال!$A$5:$A$644,G$5,الإدخال!$D$5:$D$644,$A23)>0,SUMIFS(الإدخال!$O$5:$O$644,الإدخال!$A$5:$A$644,G$5,الإدخال!$D$5:$D$644,$A23)/100,"")))) | H23: =IF($A23="","",IF(COUNTIFS(الإدخال!$A$5:$A$644,H$5,الإدخال!$D$5:$D$644,$A23,الإدخال!$F$5:$F$644,"غائب",الإدخال!$G$5:$G$644,"")>0,"غ",IF(COUNTIFS(الإدخال!$A$5:$A$644,H$5,الإدخال!$D$5:$D$644,$A23,الإدخال!$F$5:$F$644,"معتذر",الإدخال!$G$5:$G$644,"")>0,"ع",IF(SUMIFS(الإدخال!$P$5:$P$644,الإدخال!$A$5:$A$644,H$5,الإدخال!$D$5:$D$644,$A23)>0,SUMIFS(الإدخال!$O$5:$O$644,الإدخال!$A$5:$A$644,H$5,الإدخال!$D$5:$D$644,$A23)/100,"")))) | I23: =IF($A23="","",IF(COUNTIFS(الإدخال!$A$5:$A$644,I$5,الإدخال!$D$5:$D$644,$A23,الإدخال!$F$5:$F$644,"غائب",الإدخال!$G$5:$G$644,"")>0,"غ",IF(COUNTIFS(الإدخال!$A$5:$A$644,I$5,الإدخال!$D$5:$D$644,$A23,الإدخال!$F$5:$F$644,"معتذر",الإدخال!$G$5:$G$644,"")>0,"ع",IF(SUMIFS(الإدخال!$P$5:$P$644,الإدخال!$A$5:$A$644,I$5,الإدخال!$D$5:$D$644,$A23)>0,SUMIFS(الإدخال!$O$5:$O$644,الإدخال!$A$5:$A$644,I$5,الإدخال!$D$5:$D$644,$A23)/100,"")))) | J23: =IF($A23="","",IF(COUNTIFS(الإدخال!$A$5:$A$644,J$5,الإدخال!$D$5:$D$644,$A23,الإدخال!$F$5:$F$644,"غائب",الإدخال!$G$5:$G$644,"")>0,"غ",IF(COUNTIFS(الإدخال!$A$5:$A$644,J$5,الإدخال!$D$5:$D$644,$A23,الإدخال!$F$5:$F$644,"معتذر",الإدخال!$G$5:$G$644,"")>0,"ع",IF(SUMIFS(الإدخال!$P$5:$P$644,الإدخال!$A$5:$A$644,J$5,الإدخال!$D$5:$D$644,$A23)>0,SUMIFS(الإدخال!$O$5:$O$644,الإدخال!$A$5:$A$644,J$5,الإدخال!$D$5:$D$644,$A23)/100,"")))) | K23: =IF($A23="","",IF(COUNTIFS(الإدخال!$A$5:$A$644,K$5,الإدخال!$D$5:$D$644,$A23,الإدخال!$F$5:$F$644,"غائب",الإدخال!$G$5:$G$644,"")>0,"غ",IF(COUNTIFS(الإدخال!$A$5:$A$644,K$5,الإدخال!$D$5:$D$644,$A23,الإدخال!$F$5:$F$644,"معتذر",الإدخال!$G$5:$G$644,"")>0,"ع",IF(SUMIFS(الإدخال!$P$5:$P$644,الإدخال!$A$5:$A$644,K$5,الإدخال!$D$5:$D$644,$A23)>0,SUMIFS(الإدخال!$O$5:$O$644,الإدخال!$A$5:$A$644,K$5,الإدخال!$D$5:$D$644,$A23)/100,"")))) | ... S23: =IF($A23="","",IF(COUNTIFS(الإدخال!$A$5:$A$644,S$5,الإدخال!$D$5:$D$644,$A23,الإدخال!$F$5:$F$644,"غائب",الإدخال!$G$5:$G$644,"")>0,"غ",IF(COUNTIFS(الإدخال!$A$5:$A$644,S$5,الإدخال!$D$5:$D$644,$A23,الإدخال!$F$5:$F$644,"معتذر",الإدخال!$G$5:$G$644,"")>0,"ع",IF(SUMIFS(الإدخال!$P$5:$P$644,الإدخال!$A$5:$A$644,S$5,الإدخال!$D$5:$D$644,$A23)>0,SUMIFS(الإدخال!$O$5:$O$644,الإدخال!$A$5:$A$644,S$5,الإدخال!$D$5:$D$644,$A23)/100,"")))) | T23: =IF($A23="","",IFERROR(SUMIFS(الإدخال!$O$5:$O$644,الإدخال!$D$5:$D$644,$A23)/SUMIFS(الإدخال!$P$5:$P$644,الإدخال!$D$5:$D$644,$A23)/100,"")) -> 0.795 | U23: =IF(T23="","",IF(T23>=0.9,"ممتاز",IF(T23>=0.8,"جيد جدًا",IF(T23>=0.7,"جيد",IF(T23>=0.6,"مقبول","يحتاج متابعة"))))) -> جيد | V23: =IF($A23="","",SUMIFS(الإدخال!$N$5:$N$644,الإدخال!$D$5:$D$644,$A23)) -> 2 | W23: =IF($A23="","",COUNTIFS(الإدخال!$D$5:$D$644,$A23,الإدخال!$F$5:$F$644,"متأخر")) -> 0 | X23: =IF($A23="","",COUNTIFS(الإدخال!$D$5:$D$644,$A23,الإدخال!$F$5:$F$644,"غائب")) -> 0 | Y23: =IF($A23="","",COUNTIFS(الإدخال!$D$5:$D$644,$A23,الإدخال!$F$5:$F$644,"معتذر")) -> 0 | Z23: =IF($A23="","",SUMIFS(الإدخال!$H$5:$H$644,الإدخال!$D$5:$D$644,$A23,الإدخال!$N$5:$N$644,1)) -> 9 | AA23: =IF($A23="","",SUMIFS(الإدخال!$I$5:$I$644,الإدخال!$D$5:$D$644,$A23,الإدخال!$N$5:$N$644,1)) -> 10 | AB23: =IF($A23="","",SUMIFS(الإدخال!$J$5:$J$644,الإدخال!$D$5:$D$644,$A23,الإدخال!$N$5:$N$644,1)) -> 0 | AC23: =IFERROR(MATCH($C$3&"|18",الطلاب!$E$5:$E$44,0),"") -> 18
A24: =IF($AC24="","",INDEX(الطلاب!$A$5:$A$44,$AC24)) -> 19 | B24: =IF($AC24="","",INDEX(الطلاب!$B$5:$B$44,$AC24)) -> سليمان المحيميد | C24: =IF($AC24="","",INDEX(الطلاب!$D$5:$D$44,$AC24)) -> حسان بن ثابت | D24: =IF($A24="","",IF(COUNTIFS(الإدخال!$A$5:$A$644,D$5,الإدخال!$D$5:$D$644,$A24,الإدخال!$F$5:$F$644,"غائب",الإدخال!$G$5:$G$644,"")>0,"غ",IF(COUNTIFS(الإدخال!$A$5:$A$644,D$5,الإدخال!$D$5:$D$644,$A24,الإدخال!$F$5:$F$644,"معتذر",الإدخال!$G$5:$G$644,"")>0,"ع",IF(SUMIFS(الإدخال!$P$5:$P$644,الإدخال!$A$5:$A$644,D$5,الإدخال!$D$5:$D$644,$A24)>0,SUMIFS(الإدخال!$O$5:$O$644,الإدخال!$A$5:$A$644,D$5,الإدخال!$D$5:$D$644,$A24)/100,"")))) -> 0.93 | E24: =IF($A24="","",IF(COUNTIFS(الإدخال!$A$5:$A$644,E$5,الإدخال!$D$5:$D$644,$A24,الإدخال!$F$5:$F$644,"غائب",الإدخال!$G$5:$G$644,"")>0,"غ",IF(COUNTIFS(الإدخال!$A$5:$A$644,E$5,الإدخال!$D$5:$D$644,$A24,الإدخال!$F$5:$F$644,"معتذر",الإدخال!$G$5:$G$644,"")>0,"ع",IF(SUMIFS(الإدخال!$P$5:$P$644,الإدخال!$A$5:$A$644,E$5,الإدخال!$D$5:$D$644,$A24)>0,SUMIFS(الإدخال!$O$5:$O$644,الإدخال!$A$5:$A$644,E$5,الإدخال!$D$5:$D$644,$A24)/100,"")))) -> 0.62 | F24: =IF($A24="","",IF(COUNTIFS(الإدخال!$A$5:$A$644,F$5,الإدخال!$D$5:$D$644,$A24,الإدخال!$F$5:$F$644,"غائب",الإدخال!$G$5:$G$644,"")>0,"غ",IF(COUNTIFS(الإدخال!$A$5:$A$644,F$5,الإدخال!$D$5:$D$644,$A24,الإدخال!$F$5:$F$644,"معتذر",الإدخال!$G$5:$G$644,"")>0,"ع",IF(SUMIFS(الإدخال!$P$5:$P$644,الإدخال!$A$5:$A$644,F$5,الإدخال!$D$5:$D$644,$A24)>0,SUMIFS(الإدخال!$O$5:$O$644,الإدخال!$A$5:$A$644,F$5,الإدخال!$D$5:$D$644,$A24)/100,"")))) | G24: =IF($A24="","",IF(COUNTIFS(الإدخال!$A$5:$A$644,G$5,الإدخال!$D$5:$D$644,$A24,الإدخال!$F$5:$F$644,"غائب",الإدخال!$G$5:$G$644,"")>0,"غ",IF(COUNTIFS(الإدخال!$A$5:$A$644,G$5,الإدخال!$D$5:$D$644,$A24,الإدخال!$F$5:$F$644,"معتذر",الإدخال!$G$5:$G$644,"")>0,"ع",IF(SUMIFS(الإدخال!$P$5:$P$644,الإدخال!$A$5:$A$644,G$5,الإدخال!$D$5:$D$644,$A24)>0,SUMIFS(الإدخال!$O$5:$O$644,الإدخال!$A$5:$A$644,G$5,الإدخال!$D$5:$D$644,$A24)/100,"")))) | H24: =IF($A24="","",IF(COUNTIFS(الإدخال!$A$5:$A$644,H$5,الإدخال!$D$5:$D$644,$A24,الإدخال!$F$5:$F$644,"غائب",الإدخال!$G$5:$G$644,"")>0,"غ",IF(COUNTIFS(الإدخال!$A$5:$A$644,H$5,الإدخال!$D$5:$D$644,$A24,الإدخال!$F$5:$F$644,"معتذر",الإدخال!$G$5:$G$644,"")>0,"ع",IF(SUMIFS(الإدخال!$P$5:$P$644,الإدخال!$A$5:$A$644,H$5,الإدخال!$D$5:$D$644,$A24)>0,SUMIFS(الإدخال!$O$5:$O$644,الإدخال!$A$5:$A$644,H$5,الإدخال!$D$5:$D$644,$A24)/100,"")))) | I24: =IF($A24="","",IF(COUNTIFS(الإدخال!$A$5:$A$644,I$5,الإدخال!$D$5:$D$644,$A24,الإدخال!$F$5:$F$644,"غائب",الإدخال!$G$5:$G$644,"")>0,"غ",IF(COUNTIFS(الإدخال!$A$5:$A$644,I$5,الإدخال!$D$5:$D$644,$A24,الإدخال!$F$5:$F$644,"معتذر",الإدخال!$G$5:$G$644,"")>0,"ع",IF(SUMIFS(الإدخال!$P$5:$P$644,الإدخال!$A$5:$A$644,I$5,الإدخال!$D$5:$D$644,$A24)>0,SUMIFS(الإدخال!$O$5:$O$644,الإدخال!$A$5:$A$644,I$5,الإدخال!$D$5:$D$644,$A24)/100,"")))) | J24: =IF($A24="","",IF(COUNTIFS(الإدخال!$A$5:$A$644,J$5,الإدخال!$D$5:$D$644,$A24,الإدخال!$F$5:$F$644,"غائب",الإدخال!$G$5:$G$644,"")>0,"غ",IF(COUNTIFS(الإدخال!$A$5:$A$644,J$5,الإدخال!$D$5:$D$644,$A24,الإدخال!$F$5:$F$644,"معتذر",الإدخال!$G$5:$G$644,"")>0,"ع",IF(SUMIFS(الإدخال!$P$5:$P$644,الإدخال!$A$5:$A$644,J$5,الإدخال!$D$5:$D$644,$A24)>0,SUMIFS(الإدخال!$O$5:$O$644,الإدخال!$A$5:$A$644,J$5,الإدخال!$D$5:$D$644,$A24)/100,"")))) | K24: =IF($A24="","",IF(COUNTIFS(الإدخال!$A$5:$A$644,K$5,الإدخال!$D$5:$D$644,$A24,الإدخال!$F$5:$F$644,"غائب",الإدخال!$G$5:$G$644,"")>0,"غ",IF(COUNTIFS(الإدخال!$A$5:$A$644,K$5,الإدخال!$D$5:$D$644,$A24,الإدخال!$F$5:$F$644,"معتذر",الإدخال!$G$5:$G$644,"")>0,"ع",IF(SUMIFS(الإدخال!$P$5:$P$644,الإدخال!$A$5:$A$644,K$5,الإدخال!$D$5:$D$644,$A24)>0,SUMIFS(الإدخال!$O$5:$O$644,الإدخال!$A$5:$A$644,K$5,الإدخال!$D$5:$D$644,$A24)/100,"")))) | ... S24: =IF($A24="","",IF(COUNTIFS(الإدخال!$A$5:$A$644,S$5,الإدخال!$D$5:$D$644,$A24,الإدخال!$F$5:$F$644,"غائب",الإدخال!$G$5:$G$644,"")>0,"غ",IF(COUNTIFS(الإدخال!$A$5:$A$644,S$5,الإدخال!$D$5:$D$644,$A24,الإدخال!$F$5:$F$644,"معتذر",الإدخال!$G$5:$G$644,"")>0,"ع",IF(SUMIFS(الإدخال!$P$5:$P$644,الإدخال!$A$5:$A$644,S$5,الإدخال!$D$5:$D$644,$A24)>0,SUMIFS(الإدخال!$O$5:$O$644,الإدخال!$A$5:$A$644,S$5,الإدخال!$D$5:$D$644,$A24)/100,"")))) | T24: =IF($A24="","",IFERROR(SUMIFS(الإدخال!$O$5:$O$644,الإدخال!$D$5:$D$644,$A24)/SUMIFS(الإدخال!$P$5:$P$644,الإدخال!$D$5:$D$644,$A24)/100,"")) -> 0.775 | U24: =IF(T24="","",IF(T24>=0.9,"ممتاز",IF(T24>=0.8,"جيد جدًا",IF(T24>=0.7,"جيد",IF(T24>=0.6,"مقبول","يحتاج متابعة"))))) -> جيد | V24: =IF($A24="","",SUMIFS(الإدخال!$N$5:$N$644,الإدخال!$D$5:$D$644,$A24)) -> 1 | W24: =IF($A24="","",COUNTIFS(الإدخال!$D$5:$D$644,$A24,الإدخال!$F$5:$F$644,"متأخر")) -> 0 | X24: =IF($A24="","",COUNTIFS(الإدخال!$D$5:$D$644,$A24,الإدخال!$F$5:$F$644,"غائب")) -> 0 | Y24: =IF($A24="","",COUNTIFS(الإدخال!$D$5:$D$644,$A24,الإدخال!$F$5:$F$644,"معتذر")) -> 1 | Z24: =IF($A24="","",SUMIFS(الإدخال!$H$5:$H$644,الإدخال!$D$5:$D$644,$A24,الإدخال!$N$5:$N$644,1)) -> 6 | AA24: =IF($A24="","",SUMIFS(الإدخال!$I$5:$I$644,الإدخال!$D$5:$D$644,$A24,الإدخال!$N$5:$N$644,1)) -> 22 | AB24: =IF($A24="","",SUMIFS(الإدخال!$J$5:$J$644,الإدخال!$D$5:$D$644,$A24,الإدخال!$N$5:$N$644,1)) -> 0 | AC24: =IFERROR(MATCH($C$3&"|19",الطلاب!$E$5:$E$44,0),"") -> 19
A25: =IF($AC25="","",INDEX(الطلاب!$A$5:$A$44,$AC25)) -> 37 | B25: =IF($AC25="","",INDEX(الطلاب!$B$5:$B$44,$AC25)) -> أسامة السعوي | C25: =IF($AC25="","",INDEX(الطلاب!$D$5:$D$44,$AC25)) -> عبدالرحمن بن النعمان | D25: =IF($A25="","",IF(COUNTIFS(الإدخال!$A$5:$A$644,D$5,الإدخال!$D$5:$D$644,$A25,الإدخال!$F$5:$F$644,"غائب",الإدخال!$G$5:$G$644,"")>0,"غ",IF(COUNTIFS(الإدخال!$A$5:$A$644,D$5,الإدخال!$D$5:$D$644,$A25,الإدخال!$F$5:$F$644,"معتذر",الإدخال!$G$5:$G$644,"")>0,"ع",IF(SUMIFS(الإدخال!$P$5:$P$644,الإدخال!$A$5:$A$644,D$5,الإدخال!$D$5:$D$644,$A25)>0,SUMIFS(الإدخال!$O$5:$O$644,الإدخال!$A$5:$A$644,D$5,الإدخال!$D$5:$D$644,$A25)/100,"")))) | E25: =IF($A25="","",IF(COUNTIFS(الإدخال!$A$5:$A$644,E$5,الإدخال!$D$5:$D$644,$A25,الإدخال!$F$5:$F$644,"غائب",الإدخال!$G$5:$G$644,"")>0,"غ",IF(COUNTIFS(الإدخال!$A$5:$A$644,E$5,الإدخال!$D$5:$D$644,$A25,الإدخال!$F$5:$F$644,"معتذر",الإدخال!$G$5:$G$644,"")>0,"ع",IF(SUMIFS(الإدخال!$P$5:$P$644,الإدخال!$A$5:$A$644,E$5,الإدخال!$D$5:$D$644,$A25)>0,SUMIFS(الإدخال!$O$5:$O$644,الإدخال!$A$5:$A$644,E$5,الإدخال!$D$5:$D$644,$A25)/100,"")))) -> 0.82 | F25: =IF($A25="","",IF(COUNTIFS(الإدخال!$A$5:$A$644,F$5,الإدخال!$D$5:$D$644,$A25,الإدخال!$F$5:$F$644,"غائب",الإدخال!$G$5:$G$644,"")>0,"غ",IF(COUNTIFS(الإدخال!$A$5:$A$644,F$5,الإدخال!$D$5:$D$644,$A25,الإدخال!$F$5:$F$644,"معتذر",الإدخال!$G$5:$G$644,"")>0,"ع",IF(SUMIFS(الإدخال!$P$5:$P$644,الإدخال!$A$5:$A$644,F$5,الإدخال!$D$5:$D$644,$A25)>0,SUMIFS(الإدخال!$O$5:$O$644,الإدخال!$A$5:$A$644,F$5,الإدخال!$D$5:$D$644,$A25)/100,"")))) | G25: =IF($A25="","",IF(COUNTIFS(الإدخال!$A$5:$A$644,G$5,الإدخال!$D$5:$D$644,$A25,الإدخال!$F$5:$F$644,"غائب",الإدخال!$G$5:$G$644,"")>0,"غ",IF(COUNTIFS(الإدخال!$A$5:$A$644,G$5,الإدخال!$D$5:$D$644,$A25,الإدخال!$F$5:$F$644,"معتذر",الإدخال!$G$5:$G$644,"")>0,"ع",IF(SUMIFS(الإدخال!$P$5:$P$644,الإدخال!$A$5:$A$644,G$5,الإدخال!$D$5:$D$644,$A25)>0,SUMIFS(الإدخال!$O$5:$O$644,الإدخال!$A$5:$A$644,G$5,الإدخال!$D$5:$D$644,$A25)/100,"")))) | H25: =IF($A25="","",IF(COUNTIFS(الإدخال!$A$5:$A$644,H$5,الإدخال!$D$5:$D$644,$A25,الإدخال!$F$5:$F$644,"غائب",الإدخال!$G$5:$G$644,"")>0,"غ",IF(COUNTIFS(الإدخال!$A$5:$A$644,H$5,الإدخال!$D$5:$D$644,$A25,الإدخال!$F$5:$F$644,"معتذر",الإدخال!$G$5:$G$644,"")>0,"ع",IF(SUMIFS(الإدخال!$P$5:$P$644,الإدخال!$A$5:$A$644,H$5,الإدخال!$D$5:$D$644,$A25)>0,SUMIFS(الإدخال!$O$5:$O$644,الإدخال!$A$5:$A$644,H$5,الإدخال!$D$5:$D$644,$A25)/100,"")))) | I25: =IF($A25="","",IF(COUNTIFS(الإدخال!$A$5:$A$644,I$5,الإدخال!$D$5:$D$644,$A25,الإدخال!$F$5:$F$644,"غائب",الإدخال!$G$5:$G$644,"")>0,"غ",IF(COUNTIFS(الإدخال!$A$5:$A$644,I$5,الإدخال!$D$5:$D$644,$A25,الإدخال!$F$5:$F$644,"معتذر",الإدخال!$G$5:$G$644,"")>0,"ع",IF(SUMIFS(الإدخال!$P$5:$P$644,الإدخال!$A$5:$A$644,I$5,الإدخال!$D$5:$D$644,$A25)>0,SUMIFS(الإدخال!$O$5:$O$644,الإدخال!$A$5:$A$644,I$5,الإدخال!$D$5:$D$644,$A25)/100,"")))) | J25: =IF($A25="","",IF(COUNTIFS(الإدخال!$A$5:$A$644,J$5,الإدخال!$D$5:$D$644,$A25,الإدخال!$F$5:$F$644,"غائب",الإدخال!$G$5:$G$644,"")>0,"غ",IF(COUNTIFS(الإدخال!$A$5:$A$644,J$5,الإدخال!$D$5:$D$644,$A25,الإدخال!$F$5:$F$644,"معتذر",الإدخال!$G$5:$G$644,"")>0,"ع",IF(SUMIFS(الإدخال!$P$5:$P$644,الإدخال!$A$5:$A$644,J$5,الإدخال!$D$5:$D$644,$A25)>0,SUMIFS(الإدخال!$O$5:$O$644,الإدخال!$A$5:$A$644,J$5,الإدخال!$D$5:$D$644,$A25)/100,"")))) | K25: =IF($A25="","",IF(COUNTIFS(الإدخال!$A$5:$A$644,K$5,الإدخال!$D$5:$D$644,$A25,الإدخال!$F$5:$F$644,"غائب",الإدخال!$G$5:$G$644,"")>0,"غ",IF(COUNTIFS(الإدخال!$A$5:$A$644,K$5,الإدخال!$D$5:$D$644,$A25,الإدخال!$F$5:$F$644,"معتذر",الإدخال!$G$5:$G$644,"")>0,"ع",IF(SUMIFS(الإدخال!$P$5:$P$644,الإدخال!$A$5:$A$644,K$5,الإدخال!$D$5:$D$644,$A25)>0,SUMIFS(الإدخال!$O$5:$O$644,الإدخال!$A$5:$A$644,K$5,الإدخال!$D$5:$D$644,$A25)/100,"")))) | ... S25: =IF($A25="","",IF(COUNTIFS(الإدخال!$A$5:$A$644,S$5,الإدخال!$D$5:$D$644,$A25,الإدخال!$F$5:$F$644,"غائب",الإدخال!$G$5:$G$644,"")>0,"غ",IF(COUNTIFS(الإدخال!$A$5:$A$644,S$5,الإدخال!$D$5:$D$644,$A25,الإدخال!$F$5:$F$644,"معتذر",الإدخال!$G$5:$G$644,"")>0,"ع",IF(SUMIFS(الإدخال!$P$5:$P$644,الإدخال!$A$5:$A$644,S$5,الإدخال!$D$5:$D$644,$A25)>0,SUMIFS(الإدخال!$O$5:$O$644,الإدخال!$A$5:$A$644,S$5,الإدخال!$D$5:$D$644,$A25)/100,"")))) | T25: =IF($A25="","",IFERROR(SUMIFS(الإدخال!$O$5:$O$644,الإدخال!$D$5:$D$644,$A25)/SUMIFS(الإدخال!$P$5:$P$644,الإدخال!$D$5:$D$644,$A25)/100,"")) -> 0.82 | U25: =IF(T25="","",IF(T25>=0.9,"ممتاز",IF(T25>=0.8,"جيد جدًا",IF(T25>=0.7,"جيد",IF(T25>=0.6,"مقبول","يحتاج متابعة"))))) -> جيد جدًا | V25: =IF($A25="","",SUMIFS(الإدخال!$N$5:$N$644,الإدخال!$D$5:$D$644,$A25)) -> 1 | W25: =IF($A25="","",COUNTIFS(الإدخال!$D$5:$D$644,$A25,الإدخال!$F$5:$F$644,"متأخر")) -> 0 | X25: =IF($A25="","",COUNTIFS(الإدخال!$D$5:$D$644,$A25,الإدخال!$F$5:$F$644,"غائب")) -> 0 | Y25: =IF($A25="","",COUNTIFS(الإدخال!$D$5:$D$644,$A25,الإدخال!$F$5:$F$644,"معتذر")) -> 0 | Z25: =IF($A25="","",SUMIFS(الإدخال!$H$5:$H$644,الإدخال!$D$5:$D$644,$A25,الإدخال!$N$5:$N$644,1)) -> 2 | AA25: =IF($A25="","",SUMIFS(الإدخال!$I$5:$I$644,الإدخال!$D$5:$D$644,$A25,الإدخال!$N$5:$N$644,1)) -> 20 | AB25: =IF($A25="","",SUMIFS(الإدخال!$J$5:$J$644,الإدخال!$D$5:$D$644,$A25,الإدخال!$N$5:$N$644,1)) -> 0 | AC25: =IFERROR(MATCH($C$3&"|20",الطلاب!$E$5:$E$44,0),"") -> 37
A26: =IF($AC26="","",INDEX(الطلاب!$A$5:$A$44,$AC26)) -> 38 | B26: =IF($AC26="","",INDEX(الطلاب!$B$5:$B$44,$AC26)) -> عاصم الضالع | C26: =IF($AC26="","",INDEX(الطلاب!$D$5:$D$44,$AC26)) -> حسان بن ثابت | D26: =IF($A26="","",IF(COUNTIFS(الإدخال!$A$5:$A$644,D$5,الإدخال!$D$5:$D$644,$A26,الإدخال!$F$5:$F$644,"غائب",الإدخال!$G$5:$G$644,"")>0,"غ",IF(COUNTIFS(الإدخال!$A$5:$A$644,D$5,الإدخال!$D$5:$D$644,$A26,الإدخال!$F$5:$F$644,"معتذر",الإدخال!$G$5:$G$644,"")>0,"ع",IF(SUMIFS(الإدخال!$P$5:$P$644,الإدخال!$A$5:$A$644,D$5,الإدخال!$D$5:$D$644,$A26)>0,SUMIFS(الإدخال!$O$5:$O$644,الإدخال!$A$5:$A$644,D$5,الإدخال!$D$5:$D$644,$A26)/100,"")))) | E26: =IF($A26="","",IF(COUNTIFS(الإدخال!$A$5:$A$644,E$5,الإدخال!$D$5:$D$644,$A26,الإدخال!$F$5:$F$644,"غائب",الإدخال!$G$5:$G$644,"")>0,"غ",IF(COUNTIFS(الإدخال!$A$5:$A$644,E$5,الإدخال!$D$5:$D$644,$A26,الإدخال!$F$5:$F$644,"معتذر",الإدخال!$G$5:$G$644,"")>0,"ع",IF(SUMIFS(الإدخال!$P$5:$P$644,الإدخال!$A$5:$A$644,E$5,الإدخال!$D$5:$D$644,$A26)>0,SUMIFS(الإدخال!$O$5:$O$644,الإدخال!$A$5:$A$644,E$5,الإدخال!$D$5:$D$644,$A26)/100,"")))) -> 0.82 | F26: =IF($A26="","",IF(COUNTIFS(الإدخال!$A$5:$A$644,F$5,الإدخال!$D$5:$D$644,$A26,الإدخال!$F$5:$F$644,"غائب",الإدخال!$G$5:$G$644,"")>0,"غ",IF(COUNTIFS(الإدخال!$A$5:$A$644,F$5,الإدخال!$D$5:$D$644,$A26,الإدخال!$F$5:$F$644,"معتذر",الإدخال!$G$5:$G$644,"")>0,"ع",IF(SUMIFS(الإدخال!$P$5:$P$644,الإدخال!$A$5:$A$644,F$5,الإدخال!$D$5:$D$644,$A26)>0,SUMIFS(الإدخال!$O$5:$O$644,الإدخال!$A$5:$A$644,F$5,الإدخال!$D$5:$D$644,$A26)/100,"")))) | G26: =IF($A26="","",IF(COUNTIFS(الإدخال!$A$5:$A$644,G$5,الإدخال!$D$5:$D$644,$A26,الإدخال!$F$5:$F$644,"غائب",الإدخال!$G$5:$G$644,"")>0,"غ",IF(COUNTIFS(الإدخال!$A$5:$A$644,G$5,الإدخال!$D$5:$D$644,$A26,الإدخال!$F$5:$F$644,"معتذر",الإدخال!$G$5:$G$644,"")>0,"ع",IF(SUMIFS(الإدخال!$P$5:$P$644,الإدخال!$A$5:$A$644,G$5,الإدخال!$D$5:$D$644,$A26)>0,SUMIFS(الإدخال!$O$5:$O$644,الإدخال!$A$5:$A$644,G$5,الإدخال!$D$5:$D$644,$A26)/100,"")))) | H26: =IF($A26="","",IF(COUNTIFS(الإدخال!$A$5:$A$644,H$5,الإدخال!$D$5:$D$644,$A26,الإدخال!$F$5:$F$644,"غائب",الإدخال!$G$5:$G$644,"")>0,"غ",IF(COUNTIFS(الإدخال!$A$5:$A$644,H$5,الإدخال!$D$5:$D$644,$A26,الإدخال!$F$5:$F$644,"معتذر",الإدخال!$G$5:$G$644,"")>0,"ع",IF(SUMIFS(الإدخال!$P$5:$P$644,الإدخال!$A$5:$A$644,H$5,الإدخال!$D$5:$D$644,$A26)>0,SUMIFS(الإدخال!$O$5:$O$644,الإدخال!$A$5:$A$644,H$5,الإدخال!$D$5:$D$644,$A26)/100,"")))) | I26: =IF($A26="","",IF(COUNTIFS(الإدخال!$A$5:$A$644,I$5,الإدخال!$D$5:$D$644,$A26,الإدخال!$F$5:$F$644,"غائب",الإدخال!$G$5:$G$644,"")>0,"غ",IF(COUNTIFS(الإدخال!$A$5:$A$644,I$5,الإدخال!$D$5:$D$644,$A26,الإدخال!$F$5:$F$644,"معتذر",الإدخال!$G$5:$G$644,"")>0,"ع",IF(SUMIFS(الإدخال!$P$5:$P$644,الإدخال!$A$5:$A$644,I$5,الإدخال!$D$5:$D$644,$A26)>0,SUMIFS(الإدخال!$O$5:$O$644,الإدخال!$A$5:$A$644,I$5,الإدخال!$D$5:$D$644,$A26)/100,"")))) | J26: =IF($A26="","",IF(COUNTIFS(الإدخال!$A$5:$A$644,J$5,الإدخال!$D$5:$D$644,$A26,الإدخال!$F$5:$F$644,"غائب",الإدخال!$G$5:$G$644,"")>0,"غ",IF(COUNTIFS(الإدخال!$A$5:$A$644,J$5,الإدخال!$D$5:$D$644,$A26,الإدخال!$F$5:$F$644,"معتذر",الإدخال!$G$5:$G$644,"")>0,"ع",IF(SUMIFS(الإدخال!$P$5:$P$644,الإدخال!$A$5:$A$644,J$5,الإدخال!$D$5:$D$644,$A26)>0,SUMIFS(الإدخال!$O$5:$O$644,الإدخال!$A$5:$A$644,J$5,الإدخال!$D$5:$D$644,$A26)/100,"")))) | K26: =IF($A26="","",IF(COUNTIFS(الإدخال!$A$5:$A$644,K$5,الإدخال!$D$5:$D$644,$A26,الإدخال!$F$5:$F$644,"غائب",الإدخال!$G$5:$G$644,"")>0,"غ",IF(COUNTIFS(الإدخال!$A$5:$A$644,K$5,الإدخال!$D$5:$D$644,$A26,الإدخال!$F$5:$F$644,"معتذر",الإدخال!$G$5:$G$644,"")>0,"ع",IF(SUMIFS(الإدخال!$P$5:$P$644,الإدخال!$A$5:$A$644,K$5,الإدخال!$D$5:$D$644,$A26)>0,SUMIFS(الإدخال!$O$5:$O$644,الإدخال!$A$5:$A$644,K$5,الإدخال!$D$5:$D$644,$A26)/100,"")))) | ... S26: =IF($A26="","",IF(COUNTIFS(الإدخال!$A$5:$A$644,S$5,الإدخال!$D$5:$D$644,$A26,الإدخال!$F$5:$F$644,"غائب",الإدخال!$G$5:$G$644,"")>0,"غ",IF(COUNTIFS(الإدخال!$A$5:$A$644,S$5,الإدخال!$D$5:$D$644,$A26,الإدخال!$F$5:$F$644,"معتذر",الإدخال!$G$5:$G$644,"")>0,"ع",IF(SUMIFS(الإدخال!$P$5:$P$644,الإدخال!$A$5:$A$644,S$5,الإدخال!$D$5:$D$644,$A26)>0,SUMIFS(الإدخال!$O$5:$O$644,الإدخال!$A$5:$A$644,S$5,الإدخال!$D$5:$D$644,$A26)/100,"")))) | T26: =IF($A26="","",IFERROR(SUMIFS(الإدخال!$O$5:$O$644,الإدخال!$D$5:$D$644,$A26)/SUMIFS(الإدخال!$P$5:$P$644,الإدخال!$D$5:$D$644,$A26)/100,"")) -> 0.82 | U26: =IF(T26="","",IF(T26>=0.9,"ممتاز",IF(T26>=0.8,"جيد جدًا",IF(T26>=0.7,"جيد",IF(T26>=0.6,"مقبول","يحتاج متابعة"))))) -> جيد جدًا | V26: =IF($A26="","",SUMIFS(الإدخال!$N$5:$N$644,الإدخال!$D$5:$D$644,$A26)) -> 1 | W26: =IF($A26="","",COUNTIFS(الإدخال!$D$5:$D$644,$A26,الإدخال!$F$5:$F$644,"متأخر")) -> 0 | X26: =IF($A26="","",COUNTIFS(الإدخال!$D$5:$D$644,$A26,الإدخال!$F$5:$F$644,"غائب")) -> 0 | Y26: =IF($A26="","",COUNTIFS(الإدخال!$D$5:$D$644,$A26,الإدخال!$F$5:$F$644,"معتذر")) -> 0 | Z26: =IF($A26="","",SUMIFS(الإدخال!$H$5:$H$644,الإدخال!$D$5:$D$644,$A26,الإدخال!$N$5:$N$644,1)) -> 9 | AA26: =IF($A26="","",SUMIFS(الإدخال!$I$5:$I$644,الإدخال!$D$5:$D$644,$A26,الإدخال!$N$5:$N$644,1)) -> 20 | AB26: =IF($A26="","",SUMIFS(الإدخال!$J$5:$J$644,الإدخال!$D$5:$D$644,$A26,الإدخال!$N$5:$N$644,1)) -> 0 | AC26: =IFERROR(MATCH($C$3&"|21",الطلاب!$E$5:$E$44,0),"") -> 38
A27: =IF($AC27="","",INDEX(الطلاب!$A$5:$A$44,$AC27)) | B27: =IF($AC27="","",INDEX(الطلاب!$B$5:$B$44,$AC27)) | C27: =IF($AC27="","",INDEX(الطلاب!$D$5:$D$44,$AC27)) | D27: =IF($A27="","",IF(COUNTIFS(الإدخال!$A$5:$A$644,D$5,الإدخال!$D$5:$D$644,$A27,الإدخال!$F$5:$F$644,"غائب",الإدخال!$G$5:$G$644,"")>0,"غ",IF(COUNTIFS(الإدخال!$A$5:$A$644,D$5,الإدخال!$D$5:$D$644,$A27,الإدخال!$F$5:$F$644,"معتذر",الإدخال!$G$5:$G$644,"")>0,"ع",IF(SUMIFS(الإدخال!$P$5:$P$644,الإدخال!$A$5:$A$644,D$5,الإدخال!$D$5:$D$644,$A27)>0,SUMIFS(الإدخال!$O$5:$O$644,الإدخال!$A$5:$A$644,D$5,الإدخال!$D$5:$D$644,$A27)/100,"")))) | E27: =IF($A27="","",IF(COUNTIFS(الإدخال!$A$5:$A$644,E$5,الإدخال!$D$5:$D$644,$A27,الإدخال!$F$5:$F$644,"غائب",الإدخال!$G$5:$G$644,"")>0,"غ",IF(COUNTIFS(الإدخال!$A$5:$A$644,E$5,الإدخال!$D$5:$D$644,$A27,الإدخال!$F$5:$F$644,"معتذر",الإدخال!$G$5:$G$644,"")>0,"ع",IF(SUMIFS(الإدخال!$P$5:$P$644,الإدخال!$A$5:$A$644,E$5,الإدخال!$D$5:$D$644,$A27)>0,SUMIFS(الإدخال!$O$5:$O$644,الإدخال!$A$5:$A$644,E$5,الإدخال!$D$5:$D$644,$A27)/100,"")))) | F27: =IF($A27="","",IF(COUNTIFS(الإدخال!$A$5:$A$644,F$5,الإدخال!$D$5:$D$644,$A27,الإدخال!$F$5:$F$644,"غائب",الإدخال!$G$5:$G$644,"")>0,"غ",IF(COUNTIFS(الإدخال!$A$5:$A$644,F$5,الإدخال!$D$5:$D$644,$A27,الإدخال!$F$5:$F$644,"معتذر",الإدخال!$G$5:$G$644,"")>0,"ع",IF(SUMIFS(الإدخال!$P$5:$P$644,الإدخال!$A$5:$A$644,F$5,الإدخال!$D$5:$D$644,$A27)>0,SUMIFS(الإدخال!$O$5:$O$644,الإدخال!$A$5:$A$644,F$5,الإدخال!$D$5:$D$644,$A27)/100,"")))) | G27: =IF($A27="","",IF(COUNTIFS(الإدخال!$A$5:$A$644,G$5,الإدخال!$D$5:$D$644,$A27,الإدخال!$F$5:$F$644,"غائب",الإدخال!$G$5:$G$644,"")>0,"غ",IF(COUNTIFS(الإدخال!$A$5:$A$644,G$5,الإدخال!$D$5:$D$644,$A27,الإدخال!$F$5:$F$644,"معتذر",الإدخال!$G$5:$G$644,"")>0,"ع",IF(SUMIFS(الإدخال!$P$5:$P$644,الإدخال!$A$5:$A$644,G$5,الإدخال!$D$5:$D$644,$A27)>0,SUMIFS(الإدخال!$O$5:$O$644,الإدخال!$A$5:$A$644,G$5,الإدخال!$D$5:$D$644,$A27)/100,"")))) | H27: =IF($A27="","",IF(COUNTIFS(الإدخال!$A$5:$A$644,H$5,الإدخال!$D$5:$D$644,$A27,الإدخال!$F$5:$F$644,"غائب",الإدخال!$G$5:$G$644,"")>0,"غ",IF(COUNTIFS(الإدخال!$A$5:$A$644,H$5,الإدخال!$D$5:$D$644,$A27,الإدخال!$F$5:$F$644,"معتذر",الإدخال!$G$5:$G$644,"")>0,"ع",IF(SUMIFS(الإدخال!$P$5:$P$644,الإدخال!$A$5:$A$644,H$5,الإدخال!$D$5:$D$644,$A27)>0,SUMIFS(الإدخال!$O$5:$O$644,الإدخال!$A$5:$A$644,H$5,الإدخال!$D$5:$D$644,$A27)/100,"")))) | I27: =IF($A27="","",IF(COUNTIFS(الإدخال!$A$5:$A$644,I$5,الإدخال!$D$5:$D$644,$A27,الإدخال!$F$5:$F$644,"غائب",الإدخال!$G$5:$G$644,"")>0,"غ",IF(COUNTIFS(الإدخال!$A$5:$A$644,I$5,الإدخال!$D$5:$D$644,$A27,الإدخال!$F$5:$F$644,"معتذر",الإدخال!$G$5:$G$644,"")>0,"ع",IF(SUMIFS(الإدخال!$P$5:$P$644,الإدخال!$A$5:$A$644,I$5,الإدخال!$D$5:$D$644,$A27)>0,SUMIFS(الإدخال!$O$5:$O$644,الإدخال!$A$5:$A$644,I$5,الإدخال!$D$5:$D$644,$A27)/100,"")))) | J27: =IF($A27="","",IF(COUNTIFS(الإدخال!$A$5:$A$644,J$5,الإدخال!$D$5:$D$644,$A27,الإدخال!$F$5:$F$644,"غائب",الإدخال!$G$5:$G$644,"")>0,"غ",IF(COUNTIFS(الإدخال!$A$5:$A$644,J$5,الإدخال!$D$5:$D$644,$A27,الإدخال!$F$5:$F$644,"معتذر",الإدخال!$G$5:$G$644,"")>0,"ع",IF(SUMIFS(الإدخال!$P$5:$P$644,الإدخال!$A$5:$A$644,J$5,الإدخال!$D$5:$D$644,$A27)>0,SUMIFS(الإدخال!$O$5:$O$644,الإدخال!$A$5:$A$644,J$5,الإدخال!$D$5:$D$644,$A27)/100,"")))) | K27: =IF($A27="","",IF(COUNTIFS(الإدخال!$A$5:$A$644,K$5,الإدخال!$D$5:$D$644,$A27,الإدخال!$F$5:$F$644,"غائب",الإدخال!$G$5:$G$644,"")>0,"غ",IF(COUNTIFS(الإدخال!$A$5:$A$644,K$5,الإدخال!$D$5:$D$644,$A27,الإدخال!$F$5:$F$644,"معتذر",الإدخال!$G$5:$G$644,"")>0,"ع",IF(SUMIFS(الإدخال!$P$5:$P$644,الإدخال!$A$5:$A$644,K$5,الإدخال!$D$5:$D$644,$A27)>0,SUMIFS(الإدخال!$O$5:$O$644,الإدخال!$A$5:$A$644,K$5,الإدخال!$D$5:$D$644,$A27)/100,"")))) | ... S27: =IF($A27="","",IF(COUNTIFS(الإدخال!$A$5:$A$644,S$5,الإدخال!$D$5:$D$644,$A27,الإدخال!$F$5:$F$644,"غائب",الإدخال!$G$5:$G$644,"")>0,"غ",IF(COUNTIFS(الإدخال!$A$5:$A$644,S$5,الإدخال!$D$5:$D$644,$A27,الإدخال!$F$5:$F$644,"معتذر",الإدخال!$G$5:$G$644,"")>0,"ع",IF(SUMIFS(الإدخال!$P$5:$P$644,الإدخال!$A$5:$A$644,S$5,الإدخال!$D$5:$D$644,$A27)>0,SUMIFS(الإدخال!$O$5:$O$644,الإدخال!$A$5:$A$644,S$5,الإدخال!$D$5:$D$644,$A27)/100,"")))) | T27: =IF($A27="","",IFERROR(SUMIFS(الإدخال!$O$5:$O$644,الإدخال!$D$5:$D$644,$A27)/SUMIFS(الإدخال!$P$5:$P$644,الإدخال!$D$5:$D$644,$A27)/100,"")) | U27: =IF(T27="","",IF(T27>=0.9,"ممتاز",IF(T27>=0.8,"جيد جدًا",IF(T27>=0.7,"جيد",IF(T27>=0.6,"مقبول","يحتاج متابعة"))))) | V27: =IF($A27="","",SUMIFS(الإدخال!$N$5:$N$644,الإدخال!$D$5:$D$644,$A27)) | W27: =IF($A27="","",COUNTIFS(الإدخال!$D$5:$D$644,$A27,الإدخال!$F$5:$F$644,"متأخر")) | X27: =IF($A27="","",COUNTIFS(الإدخال!$D$5:$D$644,$A27,الإدخال!$F$5:$F$644,"غائب")) | Y27: =IF($A27="","",COUNTIFS(الإدخال!$D$5:$D$644,$A27,الإدخال!$F$5:$F$644,"معتذر")) | Z27: =IF($A27="","",SUMIFS(الإدخال!$H$5:$H$644,الإدخال!$D$5:$D$644,$A27,الإدخال!$N$5:$N$644,1)) | AA27: =IF($A27="","",SUMIFS(الإدخال!$I$5:$I$644,الإدخال!$D$5:$D$644,$A27,الإدخال!$N$5:$N$644,1)) | AB27: =IF($A27="","",SUMIFS(الإدخال!$J$5:$J$644,الإدخال!$D$5:$D$644,$A27,الإدخال!$N$5:$N$644,1)) | AC27: =IFERROR(MATCH($C$3&"|22",الطلاب!$E$5:$E$44,0),"")
A28: =IF($AC28="","",INDEX(الطلاب!$A$5:$A$44,$AC28)) | B28: =IF($AC28="","",INDEX(الطلاب!$B$5:$B$44,$AC28)) | C28: =IF($AC28="","",INDEX(الطلاب!$D$5:$D$44,$AC28)) | D28: =IF($A28="","",IF(COUNTIFS(الإدخال!$A$5:$A$644,D$5,الإدخال!$D$5:$D$644,$A28,الإدخال!$F$5:$F$644,"غائب",الإدخال!$G$5:$G$644,"")>0,"غ",IF(COUNTIFS(الإدخال!$A$5:$A$644,D$5,الإدخال!$D$5:$D$644,$A28,الإدخال!$F$5:$F$644,"معتذر",الإدخال!$G$5:$G$644,"")>0,"ع",IF(SUMIFS(الإدخال!$P$5:$P$644,الإدخال!$A$5:$A$644,D$5,الإدخال!$D$5:$D$644,$A28)>0,SUMIFS(الإدخال!$O$5:$O$644,الإدخال!$A$5:$A$644,D$5,الإدخال!$D$5:$D$644,$A28)/100,"")))) | E28: =IF($A28="","",IF(COUNTIFS(الإدخال!$A$5:$A$644,E$5,الإدخال!$D$5:$D$644,$A28,الإدخال!$F$5:$F$644,"غائب",الإدخال!$G$5:$G$644,"")>0,"غ",IF(COUNTIFS(الإدخال!$A$5:$A$644,E$5,الإدخال!$D$5:$D$644,$A28,الإدخال!$F$5:$F$644,"معتذر",الإدخال!$G$5:$G$644,"")>0,"ع",IF(SUMIFS(الإدخال!$P$5:$P$644,الإدخال!$A$5:$A$644,E$5,الإدخال!$D$5:$D$644,$A28)>0,SUMIFS(الإدخال!$O$5:$O$644,الإدخال!$A$5:$A$644,E$5,الإدخال!$D$5:$D$644,$A28)/100,"")))) | F28: =IF($A28="","",IF(COUNTIFS(الإدخال!$A$5:$A$644,F$5,الإدخال!$D$5:$D$644,$A28,الإدخال!$F$5:$F$644,"غائب",الإدخال!$G$5:$G$644,"")>0,"غ",IF(COUNTIFS(الإدخال!$A$5:$A$644,F$5,الإدخال!$D$5:$D$644,$A28,الإدخال!$F$5:$F$644,"معتذر",الإدخال!$G$5:$G$644,"")>0,"ع",IF(SUMIFS(الإدخال!$P$5:$P$644,الإدخال!$A$5:$A$644,F$5,الإدخال!$D$5:$D$644,$A28)>0,SUMIFS(الإدخال!$O$5:$O$644,الإدخال!$A$5:$A$644,F$5,الإدخال!$D$5:$D$644,$A28)/100,"")))) | G28: =IF($A28="","",IF(COUNTIFS(الإدخال!$A$5:$A$644,G$5,الإدخال!$D$5:$D$644,$A28,الإدخال!$F$5:$F$644,"غائب",الإدخال!$G$5:$G$644,"")>0,"غ",IF(COUNTIFS(الإدخال!$A$5:$A$644,G$5,الإدخال!$D$5:$D$644,$A28,الإدخال!$F$5:$F$644,"معتذر",الإدخال!$G$5:$G$644,"")>0,"ع",IF(SUMIFS(الإدخال!$P$5:$P$644,الإدخال!$A$5:$A$644,G$5,الإدخال!$D$5:$D$644,$A28)>0,SUMIFS(الإدخال!$O$5:$O$644,الإدخال!$A$5:$A$644,G$5,الإدخال!$D$5:$D$644,$A28)/100,"")))) | H28: =IF($A28="","",IF(COUNTIFS(الإدخال!$A$5:$A$644,H$5,الإدخال!$D$5:$D$644,$A28,الإدخال!$F$5:$F$644,"غائب",الإدخال!$G$5:$G$644,"")>0,"غ",IF(COUNTIFS(الإدخال!$A$5:$A$644,H$5,الإدخال!$D$5:$D$644,$A28,الإدخال!$F$5:$F$644,"معتذر",الإدخال!$G$5:$G$644,"")>0,"ع",IF(SUMIFS(الإدخال!$P$5:$P$644,الإدخال!$A$5:$A$644,H$5,الإدخال!$D$5:$D$644,$A28)>0,SUMIFS(الإدخال!$O$5:$O$644,الإدخال!$A$5:$A$644,H$5,الإدخال!$D$5:$D$644,$A28)/100,"")))) | I28: =IF($A28="","",IF(COUNTIFS(الإدخال!$A$5:$A$644,I$5,الإدخال!$D$5:$D$644,$A28,الإدخال!$F$5:$F$644,"غائب",الإدخال!$G$5:$G$644,"")>0,"غ",IF(COUNTIFS(الإدخال!$A$5:$A$644,I$5,الإدخال!$D$5:$D$644,$A28,الإدخال!$F$5:$F$644,"معتذر",الإدخال!$G$5:$G$644,"")>0,"ع",IF(SUMIFS(الإدخال!$P$5:$P$644,الإدخال!$A$5:$A$644,I$5,الإدخال!$D$5:$D$644,$A28)>0,SUMIFS(الإدخال!$O$5:$O$644,الإدخال!$A$5:$A$644,I$5,الإدخال!$D$5:$D$644,$A28)/100,"")))) | J28: =IF($A28="","",IF(COUNTIFS(الإدخال!$A$5:$A$644,J$5,الإدخال!$D$5:$D$644,$A28,الإدخال!$F$5:$F$644,"غائب",الإدخال!$G$5:$G$644,"")>0,"غ",IF(COUNTIFS(الإدخال!$A$5:$A$644,J$5,الإدخال!$D$5:$D$644,$A28,الإدخال!$F$5:$F$644,"معتذر",الإدخال!$G$5:$G$644,"")>0,"ع",IF(SUMIFS(الإدخال!$P$5:$P$644,الإدخال!$A$5:$A$644,J$5,الإدخال!$D$5:$D$644,$A28)>0,SUMIFS(الإدخال!$O$5:$O$644,الإدخال!$A$5:$A$644,J$5,الإدخال!$D$5:$D$644,$A28)/100,"")))) | K28: =IF($A28="","",IF(COUNTIFS(الإدخال!$A$5:$A$644,K$5,الإدخال!$D$5:$D$644,$A28,الإدخال!$F$5:$F$644,"غائب",الإدخال!$G$5:$G$644,"")>0,"غ",IF(COUNTIFS(الإدخال!$A$5:$A$644,K$5,الإدخال!$D$5:$D$644,$A28,الإدخال!$F$5:$F$644,"معتذر",الإدخال!$G$5:$G$644,"")>0,"ع",IF(SUMIFS(الإدخال!$P$5:$P$644,الإدخال!$A$5:$A$644,K$5,الإدخال!$D$5:$D$644,$A28)>0,SUMIFS(الإدخال!$O$5:$O$644,الإدخال!$A$5:$A$644,K$5,الإدخال!$D$5:$D$644,$A28)/100,"")))) | ... S28: =IF($A28="","",IF(COUNTIFS(الإدخال!$A$5:$A$644,S$5,الإدخال!$D$5:$D$644,$A28,الإدخال!$F$5:$F$644,"غائب",الإدخال!$G$5:$G$644,"")>0,"غ",IF(COUNTIFS(الإدخال!$A$5:$A$644,S$5,الإدخال!$D$5:$D$644,$A28,الإدخال!$F$5:$F$644,"معتذر",الإدخال!$G$5:$G$644,"")>0,"ع",IF(SUMIFS(الإدخال!$P$5:$P$644,الإدخال!$A$5:$A$644,S$5,الإدخال!$D$5:$D$644,$A28)>0,SUMIFS(الإدخال!$O$5:$O$644,الإدخال!$A$5:$A$644,S$5,الإدخال!$D$5:$D$644,$A28)/100,"")))) | T28: =IF($A28="","",IFERROR(SUMIFS(الإدخال!$O$5:$O$644,الإدخال!$D$5:$D$644,$A28)/SUMIFS(الإدخال!$P$5:$P$644,الإدخال!$D$5:$D$644,$A28)/100,"")) | U28: =IF(T28="","",IF(T28>=0.9,"ممتاز",IF(T28>=0.8,"جيد جدًا",IF(T28>=0.7,"جيد",IF(T28>=0.6,"مقبول","يحتاج متابعة"))))) | V28: =IF($A28="","",SUMIFS(الإدخال!$N$5:$N$644,الإدخال!$D$5:$D$644,$A28)) | W28: =IF($A28="","",COUNTIFS(الإدخال!$D$5:$D$644,$A28,الإدخال!$F$5:$F$644,"متأخر")) | X28: =IF($A28="","",COUNTIFS(الإدخال!$D$5:$D$644,$A28,الإدخال!$F$5:$F$644,"غائب")) | Y28: =IF($A28="","",COUNTIFS(الإدخال!$D$5:$D$644,$A28,الإدخال!$F$5:$F$644,"معتذر")) | Z28: =IF($A28="","",SUMIFS(الإدخال!$H$5:$H$644,الإدخال!$D$5:$D$644,$A28,الإدخال!$N$5:$N$644,1)) | AA28: =IF($A28="","",SUMIFS(الإدخال!$I$5:$I$644,الإدخال!$D$5:$D$644,$A28,الإدخال!$N$5:$N$644,1)) | AB28: =IF($A28="","",SUMIFS(الإدخال!$J$5:$J$644,الإدخال!$D$5:$D$644,$A28,الإدخال!$N$5:$N$644,1)) | AC28: =IFERROR(MATCH($C$3&"|23",الطلاب!$E$5:$E$44,0),"")
A29: =IF($AC29="","",INDEX(الطلاب!$A$5:$A$44,$AC29)) | B29: =IF($AC29="","",INDEX(الطلاب!$B$5:$B$44,$AC29)) | C29: =IF($AC29="","",INDEX(الطلاب!$D$5:$D$44,$AC29)) | D29: =IF($A29="","",IF(COUNTIFS(الإدخال!$A$5:$A$644,D$5,الإدخال!$D$5:$D$644,$A29,الإدخال!$F$5:$F$644,"غائب",الإدخال!$G$5:$G$644,"")>0,"غ",IF(COUNTIFS(الإدخال!$A$5:$A$644,D$5,الإدخال!$D$5:$D$644,$A29,الإدخال!$F$5:$F$644,"معتذر",الإدخال!$G$5:$G$644,"")>0,"ع",IF(SUMIFS(الإدخال!$P$5:$P$644,الإدخال!$A$5:$A$644,D$5,الإدخال!$D$5:$D$644,$A29)>0,SUMIFS(الإدخال!$O$5:$O$644,الإدخال!$A$5:$A$644,D$5,الإدخال!$D$5:$D$644,$A29)/100,"")))) | E29: =IF($A29="","",IF(COUNTIFS(الإدخال!$A$5:$A$644,E$5,الإدخال!$D$5:$D$644,$A29,الإدخال!$F$5:$F$644,"غائب",الإدخال!$G$5:$G$644,"")>0,"غ",IF(COUNTIFS(الإدخال!$A$5:$A$644,E$5,الإدخال!$D$5:$D$644,$A29,الإدخال!$F$5:$F$644,"معتذر",الإدخال!$G$5:$G$644,"")>0,"ع",IF(SUMIFS(الإدخال!$P$5:$P$644,الإدخال!$A$5:$A$644,E$5,الإدخال!$D$5:$D$644,$A29)>0,SUMIFS(الإدخال!$O$5:$O$644,الإدخال!$A$5:$A$644,E$5,الإدخال!$D$5:$D$644,$A29)/100,"")))) | F29: =IF($A29="","",IF(COUNTIFS(الإدخال!$A$5:$A$644,F$5,الإدخال!$D$5:$D$644,$A29,الإدخال!$F$5:$F$644,"غائب",الإدخال!$G$5:$G$644,"")>0,"غ",IF(COUNTIFS(الإدخال!$A$5:$A$644,F$5,الإدخال!$D$5:$D$644,$A29,الإدخال!$F$5:$F$644,"معتذر",الإدخال!$G$5:$G$644,"")>0,"ع",IF(SUMIFS(الإدخال!$P$5:$P$644,الإدخال!$A$5:$A$644,F$5,الإدخال!$D$5:$D$644,$A29)>0,SUMIFS(الإدخال!$O$5:$O$644,الإدخال!$A$5:$A$644,F$5,الإدخال!$D$5:$D$644,$A29)/100,"")))) | G29: =IF($A29="","",IF(COUNTIFS(الإدخال!$A$5:$A$644,G$5,الإدخال!$D$5:$D$644,$A29,الإدخال!$F$5:$F$644,"غائب",الإدخال!$G$5:$G$644,"")>0,"غ",IF(COUNTIFS(الإدخال!$A$5:$A$644,G$5,الإدخال!$D$5:$D$644,$A29,الإدخال!$F$5:$F$644,"معتذر",الإدخال!$G$5:$G$644,"")>0,"ع",IF(SUMIFS(الإدخال!$P$5:$P$644,الإدخال!$A$5:$A$644,G$5,الإدخال!$D$5:$D$644,$A29)>0,SUMIFS(الإدخال!$O$5:$O$644,الإدخال!$A$5:$A$644,G$5,الإدخال!$D$5:$D$644,$A29)/100,"")))) | H29: =IF($A29="","",IF(COUNTIFS(الإدخال!$A$5:$A$644,H$5,الإدخال!$D$5:$D$644,$A29,الإدخال!$F$5:$F$644,"غائب",الإدخال!$G$5:$G$644,"")>0,"غ",IF(COUNTIFS(الإدخال!$A$5:$A$644,H$5,الإدخال!$D$5:$D$644,$A29,الإدخال!$F$5:$F$644,"معتذر",الإدخال!$G$5:$G$644,"")>0,"ع",IF(SUMIFS(الإدخال!$P$5:$P$644,الإدخال!$A$5:$A$644,H$5,الإدخال!$D$5:$D$644,$A29)>0,SUMIFS(الإدخال!$O$5:$O$644,الإدخال!$A$5:$A$644,H$5,الإدخال!$D$5:$D$644,$A29)/100,"")))) | I29: =IF($A29="","",IF(COUNTIFS(الإدخال!$A$5:$A$644,I$5,الإدخال!$D$5:$D$644,$A29,الإدخال!$F$5:$F$644,"غائب",الإدخال!$G$5:$G$644,"")>0,"غ",IF(COUNTIFS(الإدخال!$A$5:$A$644,I$5,الإدخال!$D$5:$D$644,$A29,الإدخال!$F$5:$F$644,"معتذر",الإدخال!$G$5:$G$644,"")>0,"ع",IF(SUMIFS(الإدخال!$P$5:$P$644,الإدخال!$A$5:$A$644,I$5,الإدخال!$D$5:$D$644,$A29)>0,SUMIFS(الإدخال!$O$5:$O$644,الإدخال!$A$5:$A$644,I$5,الإدخال!$D$5:$D$644,$A29)/100,"")))) | J29: =IF($A29="","",IF(COUNTIFS(الإدخال!$A$5:$A$644,J$5,الإدخال!$D$5:$D$644,$A29,الإدخال!$F$5:$F$644,"غائب",الإدخال!$G$5:$G$644,"")>0,"غ",IF(COUNTIFS(الإدخال!$A$5:$A$644,J$5,الإدخال!$D$5:$D$644,$A29,الإدخال!$F$5:$F$644,"معتذر",الإدخال!$G$5:$G$644,"")>0,"ع",IF(SUMIFS(الإدخال!$P$5:$P$644,الإدخال!$A$5:$A$644,J$5,الإدخال!$D$5:$D$644,$A29)>0,SUMIFS(الإدخال!$O$5:$O$644,الإدخال!$A$5:$A$644,J$5,الإدخال!$D$5:$D$644,$A29)/100,"")))) | K29: =IF($A29="","",IF(COUNTIFS(الإدخال!$A$5:$A$644,K$5,الإدخال!$D$5:$D$644,$A29,الإدخال!$F$5:$F$644,"غائب",الإدخال!$G$5:$G$644,"")>0,"غ",IF(COUNTIFS(الإدخال!$A$5:$A$644,K$5,الإدخال!$D$5:$D$644,$A29,الإدخال!$F$5:$F$644,"معتذر",الإدخال!$G$5:$G$644,"")>0,"ع",IF(SUMIFS(الإدخال!$P$5:$P$644,الإدخال!$A$5:$A$644,K$5,الإدخال!$D$5:$D$644,$A29)>0,SUMIFS(الإدخال!$O$5:$O$644,الإدخال!$A$5:$A$644,K$5,الإدخال!$D$5:$D$644,$A29)/100,"")))) | ... S29: =IF($A29="","",IF(COUNTIFS(الإدخال!$A$5:$A$644,S$5,الإدخال!$D$5:$D$644,$A29,الإدخال!$F$5:$F$644,"غائب",الإدخال!$G$5:$G$644,"")>0,"غ",IF(COUNTIFS(الإدخال!$A$5:$A$644,S$5,الإدخال!$D$5:$D$644,$A29,الإدخال!$F$5:$F$644,"معتذر",الإدخال!$G$5:$G$644,"")>0,"ع",IF(SUMIFS(الإدخال!$P$5:$P$644,الإدخال!$A$5:$A$644,S$5,الإدخال!$D$5:$D$644,$A29)>0,SUMIFS(الإدخال!$O$5:$O$644,الإدخال!$A$5:$A$644,S$5,الإدخال!$D$5:$D$644,$A29)/100,"")))) | T29: =IF($A29="","",IFERROR(SUMIFS(الإدخال!$O$5:$O$644,الإدخال!$D$5:$D$644,$A29)/SUMIFS(الإدخال!$P$5:$P$644,الإدخال!$D$5:$D$644,$A29)/100,"")) | U29: =IF(T29="","",IF(T29>=0.9,"ممتاز",IF(T29>=0.8,"جيد جدًا",IF(T29>=0.7,"جيد",IF(T29>=0.6,"مقبول","يحتاج متابعة"))))) | V29: =IF($A29="","",SUMIFS(الإدخال!$N$5:$N$644,الإدخال!$D$5:$D$644,$A29)) | W29: =IF($A29="","",COUNTIFS(الإدخال!$D$5:$D$644,$A29,الإدخال!$F$5:$F$644,"متأخر")) | X29: =IF($A29="","",COUNTIFS(الإدخال!$D$5:$D$644,$A29,الإدخال!$F$5:$F$644,"غائب")) | Y29: =IF($A29="","",COUNTIFS(الإدخال!$D$5:$D$644,$A29,الإدخال!$F$5:$F$644,"معتذر")) | Z29: =IF($A29="","",SUMIFS(الإدخال!$H$5:$H$644,الإدخال!$D$5:$D$644,$A29,الإدخال!$N$5:$N$644,1)) | AA29: =IF($A29="","",SUMIFS(الإدخال!$I$5:$I$644,الإدخال!$D$5:$D$644,$A29,الإدخال!$N$5:$N$644,1)) | AB29: =IF($A29="","",SUMIFS(الإدخال!$J$5:$J$644,الإدخال!$D$5:$D$644,$A29,الإدخال!$N$5:$N$644,1)) | AC29: =IFERROR(MATCH($C$3&"|24",الطلاب!$E$5:$E$44,0),"")
A30: =IF($AC30="","",INDEX(الطلاب!$A$5:$A$44,$AC30)) | B30: =IF($AC30="","",INDEX(الطلاب!$B$5:$B$44,$AC30)) | C30: =IF($AC30="","",INDEX(الطلاب!$D$5:$D$44,$AC30)) | D30: =IF($A30="","",IF(COUNTIFS(الإدخال!$A$5:$A$644,D$5,الإدخال!$D$5:$D$644,$A30,الإدخال!$F$5:$F$644,"غائب",الإدخال!$G$5:$G$644,"")>0,"غ",IF(COUNTIFS(الإدخال!$A$5:$A$644,D$5,الإدخال!$D$5:$D$644,$A30,الإدخال!$F$5:$F$644,"معتذر",الإدخال!$G$5:$G$644,"")>0,"ع",IF(SUMIFS(الإدخال!$P$5:$P$644,الإدخال!$A$5:$A$644,D$5,الإدخال!$D$5:$D$644,$A30)>0,SUMIFS(الإدخال!$O$5:$O$644,الإدخال!$A$5:$A$644,D$5,الإدخال!$D$5:$D$644,$A30)/100,"")))) | E30: =IF($A30="","",IF(COUNTIFS(الإدخال!$A$5:$A$644,E$5,الإدخال!$D$5:$D$644,$A30,الإدخال!$F$5:$F$644,"غائب",الإدخال!$G$5:$G$644,"")>0,"غ",IF(COUNTIFS(الإدخال!$A$5:$A$644,E$5,الإدخال!$D$5:$D$644,$A30,الإدخال!$F$5:$F$644,"معتذر",الإدخال!$G$5:$G$644,"")>0,"ع",IF(SUMIFS(الإدخال!$P$5:$P$644,الإدخال!$A$5:$A$644,E$5,الإدخال!$D$5:$D$644,$A30)>0,SUMIFS(الإدخال!$O$5:$O$644,الإدخال!$A$5:$A$644,E$5,الإدخال!$D$5:$D$644,$A30)/100,"")))) | F30: =IF($A30="","",IF(COUNTIFS(الإدخال!$A$5:$A$644,F$5,الإدخال!$D$5:$D$644,$A30,الإدخال!$F$5:$F$644,"غائب",الإدخال!$G$5:$G$644,"")>0,"غ",IF(COUNTIFS(الإدخال!$A$5:$A$644,F$5,الإدخال!$D$5:$D$644,$A30,الإدخال!$F$5:$F$644,"معتذر",الإدخال!$G$5:$G$644,"")>0,"ع",IF(SUMIFS(الإدخال!$P$5:$P$644,الإدخال!$A$5:$A$644,F$5,الإدخال!$D$5:$D$644,$A30)>0,SUMIFS(الإدخال!$O$5:$O$644,الإدخال!$A$5:$A$644,F$5,الإدخال!$D$5:$D$644,$A30)/100,"")))) | G30: =IF($A30="","",IF(COUNTIFS(الإدخال!$A$5:$A$644,G$5,الإدخال!$D$5:$D$644,$A30,الإدخال!$F$5:$F$644,"غائب",الإدخال!$G$5:$G$644,"")>0,"غ",IF(COUNTIFS(الإدخال!$A$5:$A$644,G$5,الإدخال!$D$5:$D$644,$A30,الإدخال!$F$5:$F$644,"معتذر",الإدخال!$G$5:$G$644,"")>0,"ع",IF(SUMIFS(الإدخال!$P$5:$P$644,الإدخال!$A$5:$A$644,G$5,الإدخال!$D$5:$D$644,$A30)>0,SUMIFS(الإدخال!$O$5:$O$644,الإدخال!$A$5:$A$644,G$5,الإدخال!$D$5:$D$644,$A30)/100,"")))) | H30: =IF($A30="","",IF(COUNTIFS(الإدخال!$A$5:$A$644,H$5,الإدخال!$D$5:$D$644,$A30,الإدخال!$F$5:$F$644,"غائب",الإدخال!$G$5:$G$644,"")>0,"غ",IF(COUNTIFS(الإدخال!$A$5:$A$644,H$5,الإدخال!$D$5:$D$644,$A30,الإدخال!$F$5:$F$644,"معتذر",الإدخال!$G$5:$G$644,"")>0,"ع",IF(SUMIFS(الإدخال!$P$5:$P$644,الإدخال!$A$5:$A$644,H$5,الإدخال!$D$5:$D$644,$A30)>0,SUMIFS(الإدخال!$O$5:$O$644,الإدخال!$A$5:$A$644,H$5,الإدخال!$D$5:$D$644,$A30)/100,"")))) | I30: =IF($A30="","",IF(COUNTIFS(الإدخال!$A$5:$A$644,I$5,الإدخال!$D$5:$D$644,$A30,الإدخال!$F$5:$F$644,"غائب",الإدخال!$G$5:$G$644,"")>0,"غ",IF(COUNTIFS(الإدخال!$A$5:$A$644,I$5,الإدخال!$D$5:$D$644,$A30,الإدخال!$F$5:$F$644,"معتذر",الإدخال!$G$5:$G$644,"")>0,"ع",IF(SUMIFS(الإدخال!$P$5:$P$644,الإدخال!$A$5:$A$644,I$5,الإدخال!$D$5:$D$644,$A30)>0,SUMIFS(الإدخال!$O$5:$O$644,الإدخال!$A$5:$A$644,I$5,الإدخال!$D$5:$D$644,$A30)/100,"")))) | J30: =IF($A30="","",IF(COUNTIFS(الإدخال!$A$5:$A$644,J$5,الإدخال!$D$5:$D$644,$A30,الإدخال!$F$5:$F$644,"غائب",الإدخال!$G$5:$G$644,"")>0,"غ",IF(COUNTIFS(الإدخال!$A$5:$A$644,J$5,الإدخال!$D$5:$D$644,$A30,الإدخال!$F$5:$F$644,"معتذر",الإدخال!$G$5:$G$644,"")>0,"ع",IF(SUMIFS(الإدخال!$P$5:$P$644,الإدخال!$A$5:$A$644,J$5,الإدخال!$D$5:$D$644,$A30)>0,SUMIFS(الإدخال!$O$5:$O$644,الإدخال!$A$5:$A$644,J$5,الإدخال!$D$5:$D$644,$A30)/100,"")))) | K30: =IF($A30="","",IF(COUNTIFS(الإدخال!$A$5:$A$644,K$5,الإدخال!$D$5:$D$644,$A30,الإدخال!$F$5:$F$644,"غائب",الإدخال!$G$5:$G$644,"")>0,"غ",IF(COUNTIFS(الإدخال!$A$5:$A$644,K$5,الإدخال!$D$5:$D$644,$A30,الإدخال!$F$5:$F$644,"معتذر",الإدخال!$G$5:$G$644,"")>0,"ع",IF(SUMIFS(الإدخال!$P$5:$P$644,الإدخال!$A$5:$A$644,K$5,الإدخال!$D$5:$D$644,$A30)>0,SUMIFS(الإدخال!$O$5:$O$644,الإدخال!$A$5:$A$644,K$5,الإدخال!$D$5:$D$644,$A30)/100,"")))) | ... S30: =IF($A30="","",IF(COUNTIFS(الإدخال!$A$5:$A$644,S$5,الإدخال!$D$5:$D$644,$A30,الإدخال!$F$5:$F$644,"غائب",الإدخال!$G$5:$G$644,"")>0,"غ",IF(COUNTIFS(الإدخال!$A$5:$A$644,S$5,الإدخال!$D$5:$D$644,$A30,الإدخال!$F$5:$F$644,"معتذر",الإدخال!$G$5:$G$644,"")>0,"ع",IF(SUMIFS(الإدخال!$P$5:$P$644,الإدخال!$A$5:$A$644,S$5,الإدخال!$D$5:$D$644,$A30)>0,SUMIFS(الإدخال!$O$5:$O$644,الإدخال!$A$5:$A$644,S$5,الإدخال!$D$5:$D$644,$A30)/100,"")))) | T30: =IF($A30="","",IFERROR(SUMIFS(الإدخال!$O$5:$O$644,الإدخال!$D$5:$D$644,$A30)/SUMIFS(الإدخال!$P$5:$P$644,الإدخال!$D$5:$D$644,$A30)/100,"")) | U30: =IF(T30="","",IF(T30>=0.9,"ممتاز",IF(T30>=0.8,"جيد جدًا",IF(T30>=0.7,"جيد",IF(T30>=0.6,"مقبول","يحتاج متابعة"))))) | V30: =IF($A30="","",SUMIFS(الإدخال!$N$5:$N$644,الإدخال!$D$5:$D$644,$A30)) | W30: =IF($A30="","",COUNTIFS(الإدخال!$D$5:$D$644,$A30,الإدخال!$F$5:$F$644,"متأخر")) | X30: =IF($A30="","",COUNTIFS(الإدخال!$D$5:$D$644,$A30,الإدخال!$F$5:$F$644,"غائب")) | Y30: =IF($A30="","",COUNTIFS(الإدخال!$D$5:$D$644,$A30,الإدخال!$F$5:$F$644,"معتذر")) | Z30: =IF($A30="","",SUMIFS(الإدخال!$H$5:$H$644,الإدخال!$D$5:$D$644,$A30,الإدخال!$N$5:$N$644,1)) | AA30: =IF($A30="","",SUMIFS(الإدخال!$I$5:$I$644,الإدخال!$D$5:$D$644,$A30,الإدخال!$N$5:$N$644,1)) | AB30: =IF($A30="","",SUMIFS(الإدخال!$J$5:$J$644,الإدخال!$D$5:$D$644,$A30,الإدخال!$N$5:$N$644,1)) | AC30: =IFERROR(MATCH($C$3&"|25",الطلاب!$E$5:$E$44,0),"")
T31: التراكمي
A32: نسبة إنجاز المقرأة | D32: =IFERROR(SUMIFS(الإدخال!$O$5:$O$644,الإدخال!$A$5:$A$644,D$5,الإدخال!$B$5:$B$644,$C$3)/SUMIFS(الإدخال!$P$5:$P$644,الإدخال!$A$5:$A$644,D$5,الإدخال!$B$5:$B$644,$C$3)/100,"") -> 0.70578947 | E32: =IFERROR(SUMIFS(الإدخال!$O$5:$O$644,الإدخال!$A$5:$A$644,E$5,الإدخال!$B$5:$B$644,$C$3)/SUMIFS(الإدخال!$P$5:$P$644,الإدخال!$A$5:$A$644,E$5,الإدخال!$B$5:$B$644,$C$3)/100,"") -> 0.77142857 | F32: =IFERROR(SUMIFS(الإدخال!$O$5:$O$644,الإدخال!$A$5:$A$644,F$5,الإدخال!$B$5:$B$644,$C$3)/SUMIFS(الإدخال!$P$5:$P$644,الإدخال!$A$5:$A$644,F$5,الإدخال!$B$5:$B$644,$C$3)/100,"") | G32: =IFERROR(SUMIFS(الإدخال!$O$5:$O$644,الإدخال!$A$5:$A$644,G$5,الإدخال!$B$5:$B$644,$C$3)/SUMIFS(الإدخال!$P$5:$P$644,الإدخال!$A$5:$A$644,G$5,الإدخال!$B$5:$B$644,$C$3)/100,"") | H32: =IFERROR(SUMIFS(الإدخال!$O$5:$O$644,الإدخال!$A$5:$A$644,H$5,الإدخال!$B$5:$B$644,$C$3)/SUMIFS(الإدخال!$P$5:$P$644,الإدخال!$A$5:$A$644,H$5,الإدخال!$B$5:$B$644,$C$3)/100,"") | I32: =IFERROR(SUMIFS(الإدخال!$O$5:$O$644,الإدخال!$A$5:$A$644,I$5,الإدخال!$B$5:$B$644,$C$3)/SUMIFS(الإدخال!$P$5:$P$644,الإدخال!$A$5:$A$644,I$5,الإدخال!$B$5:$B$644,$C$3)/100,"") | J32: =IFERROR(SUMIFS(الإدخال!$O$5:$O$644,الإدخال!$A$5:$A$644,J$5,الإدخال!$B$5:$B$644,$C$3)/SUMIFS(الإدخال!$P$5:$P$644,الإدخال!$A$5:$A$644,J$5,الإدخال!$B$5:$B$644,$C$3)/100,"") | K32: =IFERROR(SUMIFS(الإدخال!$O$5:$O$644,الإدخال!$A$5:$A$644,K$5,الإدخال!$B$5:$B$644,$C$3)/SUMIFS(الإدخال!$P$5:$P$644,الإدخال!$A$5:$A$644,K$5,الإدخال!$B$5:$B$644,$C$3)/100,"") | ... S32: =IFERROR(SUMIFS(الإدخال!$O$5:$O$644,الإدخال!$A$5:$A$644,S$5,الإدخال!$B$5:$B$644,$C$3)/SUMIFS(الإدخال!$P$5:$P$644,الإدخال!$A$5:$A$644,S$5,الإدخال!$B$5:$B$644,$C$3)/100,"") | T32: =IFERROR(SUMIFS(الإدخال!$O$5:$O$644,الإدخال!$B$5:$B$644,$C$3)/SUMIFS(الإدخال!$P$5:$P$644,الإدخال!$B$5:$B$644,$C$3)/100,"") -> 0.74025
A33: عدد الحضور | D33: =SUMIFS(الإدخال!$N$5:$N$644,الإدخال!$A$5:$A$644,D$5,الإدخال!$B$5:$B$644,$C$3) -> 17 | E33: =SUMIFS(الإدخال!$N$5:$N$644,الإدخال!$A$5:$A$644,E$5,الإدخال!$B$5:$B$644,$C$3) -> 16 | F33: =SUMIFS(الإدخال!$N$5:$N$644,الإدخال!$A$5:$A$644,F$5,الإدخال!$B$5:$B$644,$C$3) -> 0 | G33: =SUMIFS(الإدخال!$N$5:$N$644,الإدخال!$A$5:$A$644,G$5,الإدخال!$B$5:$B$644,$C$3) -> 0 | H33: =SUMIFS(الإدخال!$N$5:$N$644,الإدخال!$A$5:$A$644,H$5,الإدخال!$B$5:$B$644,$C$3) -> 0 | I33: =SUMIFS(الإدخال!$N$5:$N$644,الإدخال!$A$5:$A$644,I$5,الإدخال!$B$5:$B$644,$C$3) -> 0 | J33: =SUMIFS(الإدخال!$N$5:$N$644,الإدخال!$A$5:$A$644,J$5,الإدخال!$B$5:$B$644,$C$3) -> 0 | K33: =SUMIFS(الإدخال!$N$5:$N$644,الإدخال!$A$5:$A$644,K$5,الإدخال!$B$5:$B$644,$C$3) -> 0 | ... S33: =SUMIFS(الإدخال!$N$5:$N$644,الإدخال!$A$5:$A$644,S$5,الإدخال!$B$5:$B$644,$C$3) -> 0 | T33: =SUMIFS(الإدخال!$N$5:$N$644,الإدخال!$B$5:$B$644,$C$3) -> 33
A34: منهم متأخرون | D34: =COUNTIFS(الإدخال!$A$5:$A$644,D$5,الإدخال!$B$5:$B$644,$C$3,الإدخال!$F$5:$F$644,"متأخر") -> 0 | E34: =COUNTIFS(الإدخال!$A$5:$A$644,E$5,الإدخال!$B$5:$B$644,$C$3,الإدخال!$F$5:$F$644,"متأخر") -> 0 | F34: =COUNTIFS(الإدخال!$A$5:$A$644,F$5,الإدخال!$B$5:$B$644,$C$3,الإدخال!$F$5:$F$644,"متأخر") -> 0 | G34: =COUNTIFS(الإدخال!$A$5:$A$644,G$5,الإدخال!$B$5:$B$644,$C$3,الإدخال!$F$5:$F$644,"متأخر") -> 0 | H34: =COUNTIFS(الإدخال!$A$5:$A$644,H$5,الإدخال!$B$5:$B$644,$C$3,الإدخال!$F$5:$F$644,"متأخر") -> 0 | I34: =COUNTIFS(الإدخال!$A$5:$A$644,I$5,الإدخال!$B$5:$B$644,$C$3,الإدخال!$F$5:$F$644,"متأخر") -> 0 | J34: =COUNTIFS(الإدخال!$A$5:$A$644,J$5,الإدخال!$B$5:$B$644,$C$3,الإدخال!$F$5:$F$644,"متأخر") -> 0 | K34: =COUNTIFS(الإدخال!$A$5:$A$644,K$5,الإدخال!$B$5:$B$644,$C$3,الإدخال!$F$5:$F$644,"متأخر") -> 0 | ... S34: =COUNTIFS(الإدخال!$A$5:$A$644,S$5,الإدخال!$B$5:$B$644,$C$3,الإدخال!$F$5:$F$644,"متأخر") -> 0 | T34: =COUNTIFS(الإدخال!$B$5:$B$644,$C$3,الإدخال!$F$5:$F$644,"متأخر") -> 0
A35: عدد الغائبين | D35: =COUNTIFS(الإدخال!$A$5:$A$644,D$5,الإدخال!$B$5:$B$644,$C$3,الإدخال!$F$5:$F$644,"غائب") -> 0 | E35: =COUNTIFS(الإدخال!$A$5:$A$644,E$5,الإدخال!$B$5:$B$644,$C$3,الإدخال!$F$5:$F$644,"غائب") -> 0 | F35: =COUNTIFS(الإدخال!$A$5:$A$644,F$5,الإدخال!$B$5:$B$644,$C$3,الإدخال!$F$5:$F$644,"غائب") -> 0 | G35: =COUNTIFS(الإدخال!$A$5:$A$644,G$5,الإدخال!$B$5:$B$644,$C$3,الإدخال!$F$5:$F$644,"غائب") -> 0 | H35: =COUNTIFS(الإدخال!$A$5:$A$644,H$5,الإدخال!$B$5:$B$644,$C$3,الإدخال!$F$5:$F$644,"غائب") -> 0 | I35: =COUNTIFS(الإدخال!$A$5:$A$644,I$5,الإدخال!$B$5:$B$644,$C$3,الإدخال!$F$5:$F$644,"غائب") -> 0 | J35: =COUNTIFS(الإدخال!$A$5:$A$644,J$5,الإدخال!$B$5:$B$644,$C$3,الإدخال!$F$5:$F$644,"غائب") -> 0 | K35: =COUNTIFS(الإدخال!$A$5:$A$644,K$5,الإدخال!$B$5:$B$644,$C$3,الإدخال!$F$5:$F$644,"غائب") -> 0 | ... S35: =COUNTIFS(الإدخال!$A$5:$A$644,S$5,الإدخال!$B$5:$B$644,$C$3,الإدخال!$F$5:$F$644,"غائب") -> 0 | T35: =COUNTIFS(الإدخال!$B$5:$B$644,$C$3,الإدخال!$F$5:$F$644,"غائب") -> 0
A36: عدد المعتذرين | D36: =COUNTIFS(الإدخال!$A$5:$A$644,D$5,الإدخال!$B$5:$B$644,$C$3,الإدخال!$F$5:$F$644,"معتذر") -> 2 | E36: =COUNTIFS(الإدخال!$A$5:$A$644,E$5,الإدخال!$B$5:$B$644,$C$3,الإدخال!$F$5:$F$644,"معتذر") -> 5 | F36: =COUNTIFS(الإدخال!$A$5:$A$644,F$5,الإدخال!$B$5:$B$644,$C$3,الإدخال!$F$5:$F$644,"معتذر") -> 0 | G36: =COUNTIFS(الإدخال!$A$5:$A$644,G$5,الإدخال!$B$5:$B$644,$C$3,الإدخال!$F$5:$F$644,"معتذر") -> 0 | H36: =COUNTIFS(الإدخال!$A$5:$A$644,H$5,الإدخال!$B$5:$B$644,$C$3,الإدخال!$F$5:$F$644,"معتذر") -> 0 | I36: =COUNTIFS(الإدخال!$A$5:$A$644,I$5,الإدخال!$B$5:$B$644,$C$3,الإدخال!$F$5:$F$644,"معتذر") -> 0 | J36: =COUNTIFS(الإدخال!$A$5:$A$644,J$5,الإدخال!$B$5:$B$644,$C$3,الإدخال!$F$5:$F$644,"معتذر") -> 0 | K36: =COUNTIFS(الإدخال!$A$5:$A$644,K$5,الإدخال!$B$5:$B$644,$C$3,الإدخال!$F$5:$F$644,"معتذر") -> 0 | ... S36: =COUNTIFS(الإدخال!$A$5:$A$644,S$5,الإدخال!$B$5:$B$644,$C$3,الإدخال!$F$5:$F$644,"معتذر") -> 0 | T36: =COUNTIFS(الإدخال!$B$5:$B$644,$C$3,الإدخال!$F$5:$F$644,"معتذر") -> 7
A37: نسبة الحضور | D37: =IFERROR(SUMIFS(الإدخال!$N$5:$N$644,الإدخال!$A$5:$A$644,D$5,الإدخال!$B$5:$B$644,$C$3)/COUNTIFS(الإدخال!$A$5:$A$644,D$5,الإدخال!$B$5:$B$644,$C$3,الإدخال!$F$5:$F$644,"<>"),"") -> 0.89473684 | E37: =IFERROR(SUMIFS(الإدخال!$N$5:$N$644,الإدخال!$A$5:$A$644,E$5,الإدخال!$B$5:$B$644,$C$3)/COUNTIFS(الإدخال!$A$5:$A$644,E$5,الإدخال!$B$5:$B$644,$C$3,الإدخال!$F$5:$F$644,"<>"),"") -> 0.76190476 | F37: =IFERROR(SUMIFS(الإدخال!$N$5:$N$644,الإدخال!$A$5:$A$644,F$5,الإدخال!$B$5:$B$644,$C$3)/COUNTIFS(الإدخال!$A$5:$A$644,F$5,الإدخال!$B$5:$B$644,$C$3,الإدخال!$F$5:$F$644,"<>"),"") | G37: =IFERROR(SUMIFS(الإدخال!$N$5:$N$644,الإدخال!$A$5:$A$644,G$5,الإدخال!$B$5:$B$644,$C$3)/COUNTIFS(الإدخال!$A$5:$A$644,G$5,الإدخال!$B$5:$B$644,$C$3,الإدخال!$F$5:$F$644,"<>"),"") | H37: =IFERROR(SUMIFS(الإدخال!$N$5:$N$644,الإدخال!$A$5:$A$644,H$5,الإدخال!$B$5:$B$644,$C$3)/COUNTIFS(الإدخال!$A$5:$A$644,H$5,الإدخال!$B$5:$B$644,$C$3,الإدخال!$F$5:$F$644,"<>"),"") | I37: =IFERROR(SUMIFS(الإدخال!$N$5:$N$644,الإدخال!$A$5:$A$644,I$5,الإدخال!$B$5:$B$644,$C$3)/COUNTIFS(الإدخال!$A$5:$A$644,I$5,الإدخال!$B$5:$B$644,$C$3,الإدخال!$F$5:$F$644,"<>"),"") | J37: =IFERROR(SUMIFS(الإدخال!$N$5:$N$644,الإدخال!$A$5:$A$644,J$5,الإدخال!$B$5:$B$644,$C$3)/COUNTIFS(الإدخال!$A$5:$A$644,J$5,الإدخال!$B$5:$B$644,$C$3,الإدخال!$F$5:$F$644,"<>"),"") | K37: =IFERROR(SUMIFS(الإدخال!$N$5:$N$644,الإدخال!$A$5:$A$644,K$5,الإدخال!$B$5:$B$644,$C$3)/COUNTIFS(الإدخال!$A$5:$A$644,K$5,الإدخال!$B$5:$B$644,$C$3,الإدخال!$F$5:$F$644,"<>"),"") | ... S37: =IFERROR(SUMIFS(الإدخال!$N$5:$N$644,الإدخال!$A$5:$A$644,S$5,الإدخال!$B$5:$B$644,$C$3)/COUNTIFS(الإدخال!$A$5:$A$644,S$5,الإدخال!$B$5:$B$644,$C$3,الإدخال!$F$5:$F$644,"<>"),"") | T37: =IFERROR(SUMIFS(الإدخال!$N$5:$N$644,الإدخال!$B$5:$B$644,$C$3)/COUNTIFS(الإدخال!$B$5:$B$644,$C$3,الإدخال!$F$5:$F$644,"<>"),"") -> 0.825
